customer_id,prob
660909,1
635864,0.9967747
636515,0.98556185
692790,0.97081184
303410,0.9645815
570746,0.9543514
750058,0.9530196
174979,0.9506302
411068,0.94604445
571006,0.9434962
797003,0.94089985
344396,0.9385977
725451,0.9384403
419146,0.93425465
553566,0.9312606
302384,0.93088484
723764,0.9270301
582848,0.9215312
173333,0.92050934
876687,0.9136529
490190,0.91185284
850081,0.9115281
311768,0.9107895
680261,0.90975285
230042,0.9056282
434251,0.903224
650930,0.9005914
698150,0.90043783
649589,0.8986454
223034,0.8950844
526260,0.89301157
913193,0.89227104
329338,0.89172983
267586,0.89037085
213783,0.89034367
648298,0.8894243
364077,0.88718414
184966,0.8858061
215776,0.8851075
654228,0.8850379
677982,0.8843689
477549,0.878788
778306,0.8758507
600968,0.87373257
362802,0.8726778
754474,0.8697543
893697,0.8660307
412165,0.8625059
612604,0.86054516
661797,0.8576298
199586,0.8559909
176793,0.8559909
636130,0.8515973
517200,0.85126543
423004,0.8454714
268652,0.84330654
448402,0.843194
485381,0.83828926
936004,0.836741
427433,0.83605814
912682,0.8359356
698542,0.8335128
738394,0.83337307
793946,0.8326745
682463,0.8315034
550605,0.83108187
883499,0.83076286
589927,0.82862234
503027,0.8276386
358824,0.82498217
702584,0.8241916
449034,0.8207464
621424,0.8202467
706593,0.81976175
428530,0.8191786
590068,0.81873465
563617,0.811522
925228,0.81116486
380478,0.81109905
398908,0.8082762
384446,0.8078835
267429,0.80625033
471703,0.80445457
726743,0.80348897
838632,0.7990246
437203,0.7989299
576405,0.7966585
643193,0.79530215
308992,0.7951641
911163,0.792294
713903,0.7888458
682175,0.7887385
766048,0.7867663
843755,0.7835231
839725,0.7824006
448553,0.78188443
676222,0.781517
531472,0.7801335
874257,0.7781501
249266,0.7777252
578260,0.7768347
629010,0.776572
551414,0.7740755
653954,0.77400327
623920,0.7727494
840263,0.772599
191110,0.7723539
454637,0.7721746
500244,0.77013516
529828,0.7698605
786903,0.7692208
443870,0.7681737
240048,0.76754117
769348,0.7642777
809454,0.7637315
279842,0.763042
777948,0.761183
452559,0.7602248
506060,0.75874376
782083,0.75613236
531788,0.755064
686417,0.75472
678040,0.75207305
319596,0.7514055
1004739,0.7508352
543765,0.74981785
948152,0.74948835
977827,0.74707127
983277,0.74588394
983337,0.74480605
459116,0.74372053
922015,0.7433362
789846,0.7420454
297276,0.7402768
483233,0.73878837
209882,0.7384045
991920,0.73806334
614933,0.736377
685251,0.7362368
524015,0.7350869
714238,0.73475575
299939,0.7343538
568740,0.73394394
468097,0.7338555
188673,0.7323184
439634,0.7321162
986845,0.72969604
706451,0.72950387
480207,0.72948813
918317,0.729444
689550,0.72861123
811856,0.7278421
434718,0.725719
815914,0.7240143
975676,0.72383976
752784,0.72318935
586532,0.7230878
488494,0.72259593
418275,0.71985984
549866,0.7170701
870254,0.71665263
193417,0.71528673
712180,0.71348715
192531,0.7127433
550212,0.71220136
676311,0.71219707
486006,0.71218705
799079,0.7112367
391239,0.7098558
426169,0.70650125
465036,0.7060652
861008,0.7056868
903241,0.7051177
1051586,0.70425534
588919,0.7032461
862957,0.7018733
944512,0.701221
854580,0.7003825
368015,0.7003169
356760,0.70008516
231880,0.69938684
447178,0.69615626
598394,0.6942594
323264,0.6938622
430595,0.6936722
590486,0.6920681
804266,0.6915915
244763,0.69063854
412711,0.6895981
856366,0.6879177
628694,0.68612385
885772,0.68595576
504578,0.6851423
549346,0.68336105
339043,0.68223906
420684,0.6821387
394493,0.6815717
939032,0.6806526
364296,0.68059516
674201,0.67895603
286916,0.67551446
618069,0.6732371
950497,0.6724794
199645,0.6720581
1065937,0.6714978
866890,0.6706486
317646,0.6697717
558673,0.66919136
768207,0.6685262
871646,0.66836023
565749,0.6672976
460847,0.66556215
766051,0.66542506
454613,0.6640606
343317,0.66397524
650070,0.66335726
568192,0.6631651
900840,0.6629183
319224,0.66206336
500563,0.6601262
293210,0.65988183
868874,0.65810466
530952,0.6567211
651899,0.65469193
358088,0.6542549
270601,0.6537092
889482,0.6523516
400755,0.64956546
765234,0.6489024
1070780,0.64625096
683646,0.6447232
640094,0.6423063
263549,0.6401272
330107,0.6391635
851735,0.63866353
470417,0.63752675
868513,0.63748646
571471,0.637172
971064,0.6344125
791894,0.63387895
387169,0.6330025
356811,0.632885
306296,0.63283396
934629,0.63246465
1018739,0.6312926
537758,0.6299734
775641,0.62983656
552329,0.62858367
731706,0.62764096
581687,0.627404
939547,0.6264372
800009,0.62597394
284522,0.6222973
492954,0.62052894
636384,0.6203487
610857,0.61906075
347594,0.61860967
658820,0.61587
476777,0.6153748
294471,0.6145785
893067,0.61430454
1054195,0.61399436
256095,0.6139643
388740,0.6129186
331788,0.6118665
697349,0.6118419
542548,0.6113877
676578,0.6099436
471967,0.6096053
536627,0.6095257
397645,0.60810566
831237,0.6077676
417652,0.60765266
692548,0.60753536
749376,0.60663986
223178,0.60606337
586920,0.6039574
276018,0.60092854
678356,0.60078955
502136,0.60039425
641253,0.60025287
893847,0.5975957
333994,0.59643245
788686,0.5958555
981372,0.59575987
267479,0.59448314
845877,0.5940366
179992,0.5935681
790565,0.5931747
974578,0.59304905
396880,0.5910027
895890,0.5905309
298157,0.5891292
485691,0.58778214
410509,0.5871861
629378,0.58685946
375460,0.5865567
542885,0.58541155
388915,0.58507204
324471,0.5847404
589472,0.57968354
284726,0.5779314
870554,0.57778764
937598,0.5775676
750225,0.5771313
1135994,0.5767348
589449,0.57589436
662002,0.57469344
934761,0.5742841
1044050,0.5731399
578818,0.5726514
1059841,0.57249904
321422,0.57162523
855476,0.57048917
932080,0.5700364
259505,0.5697994
350660,0.56828165
490105,0.5675347
748746,0.56648684
658533,0.5661068
723997,0.5655036
571171,0.56543374
350317,0.56443334
850598,0.5642824
340950,0.56388664
306819,0.5604794
637951,0.56020284
889108,0.5601325
540142,0.55919886
213882,0.5586865
1015225,0.55822444
564831,0.5573282
800830,0.55625844
873693,0.5561259
447031,0.55477905
186348,0.55451083
503243,0.5544045
1021957,0.5543604
249473,0.5541718
765545,0.5535629
238036,0.5525186
370966,0.55217314
669262,0.5519409
417190,0.5509026
290749,0.5481055
605416,0.54739237
928139,0.54734874
986468,0.5473168
621940,0.54716635
598378,0.54523516
526178,0.5431988
948764,0.54162216
759923,0.5410924
402343,0.5394511
241960,0.5393665
559168,0.5392966
611086,0.5379646
889229,0.5369103
946792,0.53585815
559956,0.53567576
988225,0.5354574
283886,0.53438807
956209,0.5343425
569884,0.5332427
288325,0.53150177
457982,0.52989674
614229,0.5297229
435256,0.52894425
666444,0.5288327
657878,0.5277605
877935,0.5271964
208176,0.52691054
587125,0.5258641
309142,0.52482176
950441,0.5246062
333700,0.52349997
225703,0.52348423
591192,0.5229726
448611,0.5223758
682845,0.52182865
695310,0.52124643
732301,0.520483
631848,0.5201402
303125,0.5193684
583427,0.51891184
1057590,0.5187135
331614,0.5175998
1009573,0.5170479
1082837,0.5169997
1036529,0.51672816
666869,0.51614285
636724,0.5152457
812198,0.5151887
952905,0.51476836
237656,0.5130284
803329,0.5124879
1074131,0.50974894
326736,0.50961876
326295,0.5095656
307984,0.50955176
285226,0.5071306
896010,0.50681806
1145173,0.50517654
555664,0.50367093
459688,0.50328326
761461,0.50320196
397426,0.50277305
397000,0.50248694
439098,0.5020013
315046,0.50157094
891850,0.5015328
1071820,0.50057054
774030,0.49873042
370783,0.49867225
509056,0.49863815
941894,0.49779224
508449,0.49766445
869394,0.4975326
589130,0.49702168
446705,0.49699855
1018706,0.49625468
672083,0.49574065
219403,0.4948542
1043467,0.49360824
647789,0.49330115
453696,0.49209642
392402,0.49199367
595434,0.49155164
752898,0.4902184
302323,0.48871803
968310,0.4878795
447627,0.4871199
266035,0.4869449
276987,0.48646688
226981,0.4859848
735367,0.485538
973885,0.48494005
994628,0.484756
264700,0.4847443
856725,0.48439074
318811,0.48266125
400466,0.4802301
755588,0.47956514
254815,0.47901225
774590,0.47797036
316275,0.47674394
1110437,0.47643518
949186,0.47606206
685593,0.4756179
532659,0.4745674
662952,0.4743867
212944,0.47429633
908338,0.47397113
554560,0.47267222
754724,0.4713416
712016,0.47133112
438753,0.471066
375446,0.4709015
658311,0.47071218
216815,0.47037172
438120,0.4699912
435387,0.46978974
678058,0.46938157
940351,0.46924996
194608,0.46764088
771858,0.4668684
1118481,0.4660747
707621,0.46595597
1043818,0.46509218
722334,0.46486688
367074,0.46373415
753530,0.4616573
684336,0.46023703
371153,0.45964098
1041230,0.45946407
1093447,0.45923805
893147,0.45919704
527805,0.4583528
374381,0.45822692
427521,0.45727348
671940,0.45703006
492636,0.456769
606124,0.45667672
1003978,0.45661068
575316,0.45457911
816718,0.45451164
686915,0.45448947
523145,0.45285153
914513,0.4523685
1006506,0.45207787
268993,0.45205832
757511,0.45148873
761251,0.45075202
318372,0.44922447
708740,0.44918656
675241,0.44901967
987477,0.44770312
289972,0.4473691
284881,0.44719505
451231,0.44700885
817779,0.44691324
742413,0.44571686
801395,0.44489312
404316,0.44485998
1073576,0.44423485
325856,0.4441855
812428,0.44408178
856207,0.44385123
315761,0.4435668
398961,0.44249678
568634,0.442451
220998,0.44183564
446992,0.44129586
954674,0.4408288
835064,0.43939328
218748,0.43916845
461283,0.43893695
639618,0.43871903
1107578,0.438267
184769,0.43729448
761656,0.43658543
384762,0.43611932
892842,0.43609452
706266,0.43586683
608310,0.43576813
804480,0.43532538
671988,0.43528366
1031689,0.43439722
304175,0.43401504
180050,0.4337046
684885,0.43340397
691375,0.43297887
792170,0.43285513
491703,0.43246317
871722,0.43227172
202208,0.43220115
618492,0.4306085
226803,0.43043995
531183,0.42871332
704353,0.4286201
706489,0.4273548
457886,0.42723656
898864,0.42593718
651930,0.42377496
900972,0.42355013
751425,0.42331767
684534,0.42241597
779380,0.42225385
311584,0.42197514
349688,0.42170835
513848,0.42168355
440023,0.42091632
791727,0.41966558
1155404,0.4192562
426911,0.41893244
978059,0.41784048
495097,0.41591597
422234,0.4143777
355379,0.4138744
899101,0.4136982
1118516,0.41340208
729562,0.41293287
1049929,0.41275406
869401,0.41197038
323085,0.41175318
723710,0.41174626
616629,0.4113853
200814,0.4104905
370382,0.41035604
636440,0.41035318
866635,0.40971303
420221,0.40967584
560175,0.4094224
211528,0.40931892
1005237,0.40891695
893711,0.40889978
1010003,0.40838838
180840,0.40825248
587344,0.40780115
799591,0.4077897
620514,0.40686345
387569,0.40568924
750724,0.40551686
1058083,0.40534902
379911,0.4052601
745514,0.40298867
711750,0.40276837
596019,0.40260983
304880,0.402292
172438,0.4002211
789729,0.39859438
265193,0.3985219
1014373,0.3982036
857467,0.3982005
701925,0.39754367
968115,0.3973093
895670,0.39699864
730331,0.3961563
319370,0.3961506
585968,0.3954382
1104975,0.3951099
394709,0.39424443
914567,0.39400578
1124737,0.39365935
220259,0.39227033
277845,0.3922174
665238,0.39182448
1125412,0.3916874
504938,0.39043355
258099,0.38996935
259292,0.38971806
237868,0.38947296
297565,0.38922358
1084081,0.3886602
637133,0.38811994
382627,0.38788033
1142211,0.3876443
939848,0.38705945
390080,0.38699007
888052,0.38676548
292028,0.38603425
509824,0.38430643
1067952,0.3840413
354239,0.38323283
638535,0.38305187
286679,0.3827424
622157,0.38231087
413736,0.38165426
861790,0.38018227
450107,0.37990093
239093,0.3798988
644447,0.379292
356010,0.37917018
1131866,0.37892127
1052994,0.37865043
786926,0.37786365
292850,0.37705684
492038,0.37528372
1178981,0.37468672
701207,0.3746693
353084,0.3743956
1171791,0.37425184
884072,0.37421393
542095,0.37217665
346451,0.37127328
327941,0.3711009
361639,0.37017894
320798,0.36999965
802162,0.3697791
1184555,0.3696742
681057,0.3695228
311990,0.3692677
889392,0.36882997
940232,0.36858964
269354,0.3675673
436402,0.36752987
760215,0.3674972
532962,0.36719084
479421,0.36704636
857538,0.36683035
605397,0.36622357
1114447,0.3661015
624744,0.3650849
311216,0.36435318
833269,0.36427975
609562,0.3634684
176452,0.3634367
481012,0.36295867
213858,0.36280417
516761,0.362602
1062286,0.36254525
1084261,0.36195874
1130870,0.36143756
717921,0.36118007
682420,0.36054802
939161,0.35995102
1138438,0.35958624
927483,0.35888767
341026,0.35883784
853071,0.35869002
518169,0.35813642
314362,0.357342
909245,0.35702062
1051989,0.35689545
748835,0.35631847
840548,0.35543633
261107,0.35539722
1097952,0.3547883
249657,0.3543148
395459,0.35321593
355196,0.35293007
763338,0.35288143
769233,0.35211682
687584,0.35136342
863056,0.35103822
713061,0.35012197
520990,0.34967113
696820,0.34927583
1079902,0.34816432
230558,0.34790993
554273,0.34781957
1196221,0.34775162
1017974,0.34762955
179128,0.34699678
990430,0.34664583
816063,0.3456297
462725,0.34524727
713026,0.34474564
176564,0.34410048
847284,0.34348035
604337,0.34347963
662185,0.34332323
352138,0.3425033
433265,0.3422749
297320,0.34200335
604537,0.34198332
868587,0.34172344
762835,0.3416245
792352,0.33998775
781193,0.33973765
707945,0.3387916
911401,0.33836985
588463,0.33758903
932103,0.3375075
667866,0.33725095
956994,0.3370843
1114379,0.33698344
429532,0.33628225
353152,0.33586764
417947,0.3352239
190964,0.33502078
201657,0.33495712
228474,0.33447456
176102,0.33345294
659254,0.33284044
733600,0.33240604
1271907,0.33226252
1077586,0.33185506
932614,0.33176446
728908,0.33131838
606409,0.33105016
640511,0.3309567
233154,0.3293507
757534,0.32929087
686983,0.32922196
589840,0.32886863
734009,0.32886863
276548,0.32886863
178742,0.32886863
707049,0.32886863
1019671,0.3287971
842762,0.3287549
890735,0.3280747
704572,0.3277433
503094,0.3273809
552805,0.32736754
1177721,0.32733774
622148,0.32718635
925120,0.32708383
927450,0.3253255
790798,0.32525468
478211,0.32525468
305324,0.32507157
641039,0.32473755
790704,0.32459402
895248,0.32453847
244892,0.32408023
772008,0.32367802
941786,0.32337093
709744,0.3231249
607001,0.32301354
203455,0.32290125
265931,0.3223834
1274886,0.32232213
1070624,0.32229066
212751,0.32126713
593120,0.32092237
829366,0.3203957
728263,0.3201797
936679,0.32014608
898703,0.31995416
621882,0.31995225
409033,0.31951046
963139,0.31934237
532566,0.3190801
1021091,0.31876564
416526,0.31804132
1179235,0.31788683
586025,0.31782985
694360,0.3173306
803236,0.3165431
650946,0.3165114
288616,0.3164699
1256351,0.31607127
560336,0.3157208
1029517,0.31496143
715651,0.31479
1027373,0.3147831
286512,0.31459832
763757,0.31451368
441116,0.3144176
409266,0.31370473
278072,0.31286788
826859,0.3117168
962101,0.31115532
262777,0.31095147
431001,0.3105297
711877,0.31042004
302232,0.3094101
268077,0.3093331
802941,0.3078189
485478,0.30747986
1042940,0.30736566
440506,0.30693984
990458,0.30639815
177650,0.30622053
522115,0.30614233
865811,0.30614185
285003,0.30578995
489093,0.30562901
337155,0.3052938
1073502,0.30515242
1151219,0.30485153
468338,0.3047278
876200,0.30330896
914944,0.3025627
804015,0.30250764
682352,0.3022828
387851,0.30226398
500894,0.30225563
538777,0.30222464
946426,0.3007865
368824,0.30070186
566962,0.30009294
1079174,0.29901123
482936,0.29884958
658187,0.29787016
350668,0.29720974
301513,0.29717207
705991,0.29708552
1027571,0.29658842
871010,0.29646015
871430,0.29645967
1025125,0.2963643
727203,0.2962811
484871,0.29620266
930188,0.29578638
177757,0.2954657
242751,0.2954278
887414,0.29541707
490576,0.29443526
368454,0.2942617
683435,0.293916
788515,0.29292846
1071882,0.2927227
1264521,0.29266262
493601,0.2924838
698475,0.29237223
727129,0.29208302
359032,0.29156256
218708,0.29153252
860249,0.29150963
949621,0.2910006
666058,0.29063272
672994,0.29049993
213863,0.29028463
181834,0.2894354
396941,0.2881074
256829,0.28790903
612595,0.2876022
1046092,0.28754616
806209,0.28740525
787564,0.28702617
526108,0.28647494
329437,0.28564525
516720,0.2855835
550554,0.2853284
206369,0.28475618
657806,0.284683
1073952,0.28281093
203485,0.28275466
586999,0.28254485
1097128,0.28214335
486086,0.28167605
263156,0.28129077
980383,0.28078437
809404,0.2804916
798330,0.27996087
743079,0.2793846
346761,0.27857375
353534,0.27846503
484228,0.278234
538104,0.27812767
376871,0.27806616
430165,0.2778685
642221,0.27779627
338279,0.27777886
949062,0.2776897
407533,0.27763987
251980,0.27716494
857744,0.27695918
1255385,0.27651906
830171,0.2764058
451438,0.27604103
757372,0.27491546
1068297,0.27485704
682988,0.27463198
756861,0.27449322
893520,0.27433157
814997,0.27432346
206372,0.27334332
195979,0.27329898
299446,0.27329898
189272,0.27329898
845131,0.2723577
974986,0.27221608
954027,0.2721219
893858,0.27174783
757114,0.27151132
852475,0.27137113
1004818,0.27108288
562734,0.27102542
691790,0.27092552
307144,0.27091217
1251491,0.27000928
947714,0.2698021
329558,0.269552
607825,0.26928115
452383,0.26899457
460984,0.26893687
634285,0.26877904
497288,0.26863217
393367,0.26783705
190155,0.26746082
805268,0.26718044
269439,0.26690817
620255,0.26683283
654658,0.26665306
802286,0.2651298
468192,0.26506162
595714,0.26487875
345804,0.26437855
298618,0.26417208
379295,0.26414037
319849,0.26373887
318505,0.26365876
501869,0.26345086
1262700,0.2634225
1266971,0.2634182
669740,0.26340342
285837,0.26315928
1102620,0.26283765
836333,0.26247406
266189,0.2623694
463105,0.2619486
387684,0.26192474
636733,0.26178145
1042398,0.26170063
482892,0.2616961
516508,0.2610855
297337,0.26087666
345057,0.26075983
1036225,0.26016593
338078,0.25970626
609141,0.25946832
342788,0.25909877
348814,0.258986
1086301,0.25898266
283958,0.25886893
916297,0.25883698
570777,0.258775
1193610,0.25865126
911276,0.25799322
197988,0.25783682
194960,0.25700688
320306,0.2563994
423414,0.256397
825171,0.2563343
321503,0.25625253
836215,0.25623584
687129,0.25573826
554900,0.254817
914958,0.25370145
824699,0.25366473
474726,0.2534542
822429,0.25327373
984264,0.25280786
797413,0.2527213
773926,0.25240755
736191,0.25233722
1307094,0.25182033
274551,0.25173688
1145001,0.2515328
457336,0.2508242
691676,0.249619
1083732,0.24956131
945587,0.24903297
601085,0.24845815
853836,0.24831057
730515,0.24830866
1026023,0.2477889
894267,0.24761772
188052,0.24719405
858261,0.24694085
279623,0.24682665
425542,0.246773
1120777,0.24664235
928989,0.24576306
365179,0.245615
694527,0.24514937
1090322,0.24476242
957638,0.24415255
552634,0.24414802
891030,0.24403667
449054,0.2440052
908797,0.24372745
397895,0.24367237
853286,0.24359035
836146,0.24336123
1050480,0.24296165
755991,0.24289155
508988,0.24283767
654726,0.24265718
1048109,0.24223089
838046,0.24188161
1067593,0.24187613
908809,0.24186516
582610,0.24172902
458534,0.24130845
1007624,0.241261
330865,0.24099874
376382,0.24095774
430191,0.24054623
1180376,0.24004555
237720,0.23949242
430326,0.23912668
387518,0.23895097
210147,0.23887706
846762,0.23886967
601313,0.23883128
752240,0.2385273
527063,0.23803425
782925,0.23799086
1138163,0.23728967
863477,0.23727036
1049398,0.23706698
361236,0.23706484
375254,0.23655343
285791,0.23562407
1199555,0.2340107
177486,0.23355079
306729,0.23334551
507777,0.23306012
1170606,0.2328341
367521,0.23264933
1021417,0.23156834
1286365,0.23142529
892883,0.23107958
819004,0.23056746
1302735,0.23038673
1021078,0.23029256
438489,0.22943449
1154703,0.22913527
249276,0.22908592
567637,0.22903156
200952,0.22871065
323870,0.2286501
466143,0.22855735
568437,0.22844934
408108,0.22834086
903803,0.22758937
590633,0.22743416
612787,0.22731781
532314,0.22671986
293188,0.22671986
1025036,0.22661757
1158972,0.22647166
1105858,0.22640419
711248,0.22576761
183981,0.22565126
516752,0.22561526
627285,0.2256124
243548,0.22493172
381805,0.22473145
587082,0.22469234
1026261,0.22438931
577718,0.22418022
1066696,0.22414422
194694,0.22414231
852504,0.22376776
623050,0.22370887
238508,0.22345972
542550,0.22332835
482449,0.22264647
816519,0.22252822
610576,0.2223432
416599,0.22228241
436988,0.2221713
897816,0.22200346
176553,0.22199535
598389,0.22173905
300300,0.22158289
469099,0.22156715
463940,0.22136807
972226,0.22063065
608584,0.21988893
596202,0.21988249
1261522,0.2196641
972187,0.21932054
436250,0.21897125
628141,0.21865296
1079863,0.2185247
557679,0.2184887
907620,0.21847725
493151,0.218158
655944,0.21800709
1276910,0.21769452
595202,0.21760464
1263475,0.21752381
796146,0.21696067
915368,0.21669793
702496,0.21663666
213717,0.21607304
455389,0.21605825
266606,0.2144053
556571,0.21424174
760862,0.21410632
337322,0.21368718
564003,0.21270704
447382,0.21267748
1125176,0.21036196
886284,0.20980358
962056,0.20973921
345878,0.20970392
1155097,0.2093668
863942,0.20914388
1076298,0.2085483
575916,0.20831037
334738,0.2081399
622086,0.20796251
1012846,0.20774841
629727,0.20763803
984998,0.20733213
994605,0.20706534
566631,0.20636821
1097964,0.20598102
292609,0.20465875
475132,0.20454383
400837,0.20398688
579595,0.20368671
701383,0.20368671
738592,0.20315003
966394,0.2029903
281459,0.20289373
714145,0.20258045
547858,0.20241141
863227,0.20240545
542667,0.20223403
435254,0.20218205
619072,0.2020595
191322,0.20174384
957000,0.20081043
1114163,0.2006545
171615,0.20030665
396927,0.20026445
279204,0.20014548
463895,0.20003891
642744,0.19999671
1102265,0.19911337
1001094,0.19853044
560940,0.19836497
262356,0.19716835
446675,0.19690013
212504,0.19689822
878342,0.19668841
719601,0.19654274
815874,0.19652486
1050997,0.19648004
719923,0.19628572
285930,0.19511628
530422,0.19493556
849105,0.19486499
451880,0.19428515
688164,0.19418669
491584,0.19368196
752056,0.19352794
542964,0.19345546
967558,0.19339466
183996,0.19302392
578476,0.19257021
728326,0.19257021
919954,0.19247365
733108,0.19193983
711131,0.19159627
428197,0.1911757
788575,0.19094801
290846,0.18980312
341359,0.1892991
632021,0.1892991
719211,0.1892159
674385,0.18913364
917981,0.18900752
806173,0.1889646
433977,0.18889141
565453,0.18889141
287992,0.18889141
207466,0.18889141
694611,0.18889141
317070,0.18889141
630989,0.18889141
293328,0.18889141
886401,0.18882132
565900,0.18767524
177364,0.18707061
494169,0.18697596
376742,0.18679285
412055,0.18624091
838660,0.18609905
600326,0.1860888
682761,0.18598008
788326,0.1858685
354917,0.18566585
466583,0.18522239
662681,0.18509412
509485,0.18477345
986008,0.18456912
1051112,0.18440652
1077192,0.18440652
1077309,0.18440652
532541,0.18436694
191823,0.1843276
904083,0.18409848
321720,0.18395066
1100496,0.18358946
770361,0.18346763
1139032,0.18326426
1138820,0.18307924
798543,0.18260837
576158,0.18250489
800530,0.18244743
519680,0.18240666
281541,0.18238044
1062957,0.18231606
713242,0.18226671
534200,0.1817298
440714,0.18170214
315684,0.18135929
612860,0.18108821
469087,0.18094373
219630,0.1807797
1011782,0.1807499
840446,0.18074036
370223,0.18001676
1104704,0.17956257
704150,0.17955136
808586,0.17875147
504770,0.17874646
324219,0.17838955
739892,0.17831683
866487,0.1783011
440065,0.17821717
368232,0.17787981
588169,0.1776967
513528,0.17762876
348663,0.17735839
943251,0.1771555
386727,0.17699909
916223,0.17680025
744678,0.17665172
169217,0.17660427
985429,0.1761775
1043708,0.17612648
865643,0.17609906
1026402,0.17578912
733409,0.1756599
652675,0.1755538
371247,0.17521381
295232,0.17514777
668176,0.17490506
995051,0.1747272
348880,0.17457795
443856,0.1745112
784662,0.1738689
1266563,0.17374015
698826,0.17370987
1087672,0.1736989
935354,0.17363405
897677,0.17360163
993466,0.17340231
453509,0.1729722
214629,0.1729722
836637,0.17189074
860330,0.17182732
783685,0.17129445
437401,0.17089963
566679,0.17074203
614408,0.1707325
293039,0.17061043
366387,0.1704843
1153910,0.17040038
1020748,0.17002964
649087,0.16980052
278945,0.16934347
302138,0.16927767
1166810,0.16918778
860587,0.16900992
848949,0.168895
220827,0.16884947
919157,0.16804862
548361,0.16795206
854131,0.16776276
737950,0.16769505
1041620,0.16751504
757508,0.16692734
340806,0.16687536
798795,0.16640401
200307,0.16639376
1139722,0.16570973
569886,0.16524196
1029361,0.16495919
1157207,0.16460943
759762,0.1645968
614632,0.16447353
748429,0.16429305
545870,0.16426587
989113,0.1640997
1256122,0.16409397
393694,0.1638403
426086,0.16372514
1120204,0.1636734
291493,0.1635251
970152,0.16347265
1050271,0.16343784
759890,0.16238093
860464,0.1620791
638968,0.16181397
534356,0.16170883
217362,0.16152096
1052952,0.16127849
940097,0.1612575
533681,0.16110396
1007557,0.16105723
440211,0.16105175
972727,0.16085005
439873,0.16074681
481063,0.16062427
760896,0.16055655
597761,0.16052437
186028,0.16051626
516974,0.16047382
657582,0.16019416
361388,0.15948439
563651,0.15942454
545567,0.15925813
950216,0.1587255
953916,0.1585629
441353,0.15787435
206034,0.15721178
1054803,0.15711117
206900,0.15649438
485526,0.156281
728849,0.15610027
803164,0.15586805
541820,0.15508866
600718,0.15488172
458947,0.15460086
607692,0.15433979
906664,0.15433669
773166,0.15428042
1181034,0.15417886
545296,0.15391922
1201634,0.15347052
410737,0.15297985
359236,0.15284276
907085,0.1528275
390384,0.15272713
1045805,0.15271449
533941,0.152704
980400,0.15268612
524637,0.15264249
205277,0.15259576
814068,0.15253377
702628,0.15251923
782807,0.15242553
483489,0.15145159
532399,0.1512692
327101,0.15091348
390001,0.1505611
557305,0.15044522
306525,0.15041351
901650,0.15024757
372607,0.15024185
362208,0.15015388
567926,0.15011024
428686,0.15007424
549614,0.15007424
838909,0.14998674
778921,0.14941764
1164015,0.14916468
905344,0.14900708
178541,0.14894414
259832,0.14877725
1135356,0.1487143
1101791,0.14839482
267817,0.14810157
264670,0.14801979
924400,0.14798236
897779,0.14785624
817051,0.14676046
955577,0.14675045
873466,0.1467042
566667,0.14631677
173715,0.14620113
923522,0.14593959
982474,0.14593458
903527,0.14587641
1077841,0.14568663
932231,0.14537573
997751,0.14526129
529877,0.1449256
537048,0.14419127
913138,0.14413452
444884,0.14411116
529183,0.14405155
331195,0.14393401
938413,0.1435597
435884,0.14351368
776951,0.1433065
883392,0.14323902
415274,0.14257717
641247,0.14239335
658804,0.14213824
176602,0.14210343
378533,0.14204979
776207,0.14199352
418323,0.14196777
280198,0.14191222
373614,0.14187574
455911,0.14152503
661828,0.14150381
1261600,0.14137626
687774,0.1413548
596533,0.14121056
608917,0.14090514
373635,0.14085269
429252,0.14083004
1056658,0.14052606
469466,0.14049292
623849,0.1403575
338004,0.14016247
478499,0.14010262
564637,0.13992882
738703,0.13988662
545327,0.13939643
1089029,0.13931823
463807,0.13927579
646682,0.13909674
240446,0.13881493
718679,0.13878155
272848,0.13874221
251446,0.13864899
264194,0.13855243
725670,0.13845062
1027198,0.13824034
1096169,0.13822389
474216,0.13803434
1025806,0.13784122
1270625,0.13776755
932572,0.13764429
169277,0.13758731
552503,0.13745403
662599,0.13724399
233749,0.13717628
1175859,0.13711524
520685,0.13699079
286735,0.1369338
450292,0.13687873
547601,0.13671732
314159,0.13671732
832068,0.13643384
381636,0.13619685
349457,0.13603449
1062947,0.13559079
538935,0.13556409
1161975,0.13547897
587830,0.13504696
542802,0.13493705
968985,0.1348064
1246538,0.13451934
1077504,0.13450217
245280,0.13423133
1013233,0.13412642
646821,0.1341219
281108,0.13394308
803018,0.13385177
478390,0.13367033
426832,0.13310027
619357,0.1329298
420505,0.1329205
667750,0.13271523
435926,0.13257194
783132,0.13244939
736048,0.13238907
1008572,0.13214421
555674,0.1320231
577641,0.13169837
306999,0.13150668
267670,0.13140416
872219,0.13123679
737623,0.13111067
1039068,0.13075256
456159,0.13062572
274427,0.13055754
894844,0.13050246
1087141,0.130121
999927,0.13009763
974565,0.12985063
412636,0.12983894
1274263,0.12930346
824496,0.12915039
534704,0.12880087
390521,0.12855363
1249217,0.12837338
349017,0.12833214
307366,0.12820697
173985,0.12811756
360751,0.12795186
527701,0.12793493
394351,0.12785602
976013,0.12766266
767446,0.12739205
1168903,0.12692761
402244,0.12644267
928768,0.12640238
595002,0.12602592
251467,0.12590122
780077,0.12580776
214501,0.12553048
378451,0.12550402
1266530,0.12547684
328529,0.12537384
368321,0.12535167
497057,0.1252644
714390,0.1252532
713908,0.12522912
246692,0.12520719
538060,0.124946356
251935,0.12491083
709456,0.124816656
688932,0.12465334
1266519,0.1245594
694618,0.12455368
394101,0.12454414
230662,0.12403655
937552,0.12393904
526687,0.12376666
526495,0.12376237
406282,0.12375331
192676,0.12318659
321350,0.12317181
638327,0.12302041
746331,0.12298012
412207,0.12296867
799101,0.12294841
1002054,0.122861385
770199,0.12276769
435697,0.12264967
305956,0.122467995
1024548,0.12235284
689522,0.122252464
852859,0.12220335
1166541,0.12219334
512176,0.122029066
464829,0.122000694
385950,0.121985435
224969,0.121891975
721093,0.12188077
847753,0.12186742
865067,0.12178826
419518,0.121786356
1265852,0.121690035
171276,0.12154269
505760,0.12149215
793635,0.12119794
812700,0.12071824
910754,0.120607376
1151941,0.12027526
487630,0.120221615
292227,0.12008047
823784,0.11997819
309591,0.119899035
920028,0.11979866
670077,0.11912298
778930,0.11912036
930624,0.11900163
1042335,0.11865449
1068860,0.118639946
673659,0.11855793
558451,0.118421316
383420,0.11814189
1285146,0.11796689
581590,0.11770773
1284844,0.117460966
220915,0.11733985
225766,0.11733985
739788,0.11733985
289118,0.11733985
185132,0.11733985
432497,0.11733985
663647,0.11733985
381835,0.11733985
530650,0.11733985
448148,0.11733985
580371,0.117242575
905689,0.117174864
726557,0.1169579
1128373,0.11671138
405365,0.11665082
757615,0.11647725
266993,0.1164186
637848,0.11625433
468083,0.11619067
333892,0.11595178
417314,0.115834236
257916,0.11551857
235823,0.11551857
480989,0.11549902
886448,0.11548829
809215,0.11526108
747139,0.11521387
280764,0.11511254
868840,0.11510062
835432,0.115098715
522003,0.1149776
465163,0.114956856
1301217,0.11482859
1283651,0.11468077
1108663,0.1146667
777423,0.11424017
240918,0.114150286
645369,0.11409235
384198,0.11408591
842064,0.11375809
242970,0.11367345
275481,0.11365652
427638,0.1135304
1119245,0.1128459
300936,0.11275792
475432,0.11272025
204870,0.112605095
732262,0.1125958
965852,0.11247587
281655,0.11215949
1029285,0.1120913
513320,0.1120708
1013324,0.11187959
806564,0.11158538
1046585,0.11139083
735916,0.11094952
542702,0.11079049
775993,0.11074114
230817,0.11064267
1182394,0.11054993
1055126,0.11028314
917550,0.11021137
890983,0.11006737
174193,0.10979128
964804,0.10975456
448374,0.10974383
290592,0.1096797
803278,0.10956144
756823,0.10947299
510450,0.10946059
588465,0.109208345
519726,0.10916257
904665,0.10905123
733878,0.10896587
797536,0.1087091
523750,0.10860157
1279473,0.10808897
1092414,0.10797548
904170,0.10793567
514484,0.10772896
981592,0.10757351
1247344,0.10754514
373486,0.107326984
184431,0.1072433
822063,0.10714054
285293,0.10712719
997847,0.10711908
637815,0.107115984
292375,0.10710311
204928,0.10683918
863006,0.10675645
1032596,0.10672951
305685,0.10672736
839238,0.10657096
729317,0.10644579
536556,0.106420755
892546,0.10639405
271100,0.106087446
759612,0.1060524
306794,0.1058898
533532,0.10583162
437816,0.10577154
601752,0.10572219
598297,0.1054337
685760,0.10537577
751962,0.10534334
1067439,0.10530567
749017,0.10530162
842597,0.10500574
947736,0.10496211
669624,0.10496187
432833,0.10492921
645327,0.10492396
845395,0.10478592
1030275,0.104753494
566040,0.10456467
689388,0.10452962
556928,0.10447955
1042825,0.10425997
384645,0.10424924
686912,0.1039958
291170,0.103848696
437259,0.103637695
192259,0.103401184
508468,0.10336518
400875,0.103346586
658601,0.10324001
265232,0.10305929
395371,0.102899075
540067,0.10284805
378382,0.10273671
641525,0.10247159
408256,0.10244131
369383,0.10229921
1100969,0.102024555
859915,0.10192156
1009007,0.101895094
1004427,0.10187793
315313,0.10181165
407408,0.10181165
721903,0.10175276
912685,0.10172963
241704,0.10163784
845428,0.1015861
651966,0.10140324
318801,0.10129833
476929,0.10129714
562647,0.101210594
1277491,0.10115743
885042,0.10098767
719109,0.10053539
772211,0.100479126
392202,0.10038376
187717,0.10028052
1012698,0.10027218
264587,0.10014081
416145,0.10010028
430476,0.10004115
1144987,0.099814415
786309,0.099814415
848339,0.099675894
513512,0.099663496
487238,0.099327564
1099511,0.09890556
250753,0.0988338
1259381,0.09880209
1154062,0.0987587
1249812,0.09861851
660668,0.09853196
1085392,0.09843707
507184,0.09819198
679902,0.09809995
190070,0.097984314
757451,0.09783983
663360,0.09765029
578001,0.09736824
895293,0.097227335
1005268,0.097150326
364581,0.09706497
652543,0.09705567
644308,0.096869946
181387,0.09682131
303355,0.09674549
392799,0.09674549
387724,0.096508026
875002,0.096452475
1030844,0.09628439
953562,0.096214294
882571,0.09612608
673371,0.095983505
775202,0.09593916
690350,0.095841885
679837,0.095736265
837207,0.09557366
210311,0.095538616
1157650,0.09552932
288163,0.0954566
488046,0.09542179
306612,0.09530759
248930,0.09525204
247206,0.09517336
608772,0.09506655
388685,0.09499192
1016173,0.09474015
431188,0.094714165
696141,0.09470081
735948,0.094650984
407905,0.094493866
481371,0.0944767
240842,0.09441924
303534,0.09428668
433095,0.09416866
268710,0.09414029
925595,0.09413004
244073,0.09403467
1275685,0.093997955
262551,0.0939734
182891,0.09393597
474921,0.09377384
361556,0.093640804
289684,0.09349847
225103,0.09342718
791429,0.09320378
926230,0.093180895
1038829,0.09279251
578658,0.09270048
1279205,0.09257269
553291,0.092526674
950051,0.0923264
813271,0.09220171
455957,0.092042446
716085,0.09193301
1068288,0.09187937
679454,0.09177232
337388,0.091715336
757195,0.09165406
594778,0.091639996
1257826,0.091567755
543928,0.091567755
262520,0.09151912
312867,0.09151912
198521,0.09151912
188764,0.09151912
478377,0.09151912
575015,0.09151912
412619,0.09151912
705506,0.09151912
579785,0.09151912
476832,0.09143758
756882,0.091340065
518266,0.0912025
466527,0.0911901
841764,0.09117794
742665,0.09102559
775801,0.09100485
731781,0.09082699
242208,0.09073639
274614,0.090655565
927522,0.09064174
420218,0.09058571
741249,0.09055138
247526,0.09053779
433006,0.0903635
608885,0.09035969
453994,0.090162516
812052,0.090100765
898921,0.089999676
477183,0.089692116
402678,0.08959818
620341,0.089533806
788546,0.08922219
605400,0.089212894
336087,0.089211464
615165,0.08909464
874138,0.089060545
642705,0.08888388
1155102,0.08878231
531560,0.08877206
1097905,0.0887177
316543,0.08871269
878786,0.0884521
1056033,0.088373184
300136,0.08836293
666900,0.0882771
1129682,0.08812094
519550,0.08811784
454252,0.08804107
586046,0.08797884
608439,0.08786774
422235,0.08781242
435888,0.087705135
603498,0.0876379
758541,0.08758426
1033396,0.087571144
841400,0.0873127
782654,0.08728051
367630,0.08718157
633295,0.08705187
643988,0.087007046
195751,0.087007046
710015,0.086879015
710923,0.08687711
514427,0.08687067
665255,0.08685899
530752,0.08666253
169405,0.08657265
595155,0.08653283
876984,0.08618426
1081742,0.086081505
801136,0.08604169
787742,0.08593869
231134,0.08589697
763077,0.085791826
365000,0.085662365
337444,0.085653305
354595,0.08562446
401574,0.08549929
259013,0.08549619
734700,0.08545828
176341,0.0852592
218190,0.0852592
722046,0.0852592
235048,0.0852592
287984,0.0852592
281852,0.0852592
228491,0.0852592
254310,0.0852592
231857,0.085246086
641933,0.08523917
591475,0.085160255
200940,0.08515215
223600,0.08514953
462358,0.0851326
666575,0.08510518
273934,0.08508587
636383,0.085039616
436429,0.08500242
687424,0.08495617
554463,0.084777355
861016,0.08475232
641234,0.08472705
647989,0.084681034
991726,0.084656954
287551,0.08463359
507346,0.08462334
917642,0.08460784
515174,0.084436655
200591,0.084420204
510205,0.084380865
657337,0.084088564
303943,0.08398175
358196,0.08385491
910852,0.083745
310237,0.083642006
348967,0.083623886
612280,0.08352852
191617,0.08352852
291762,0.08352852
236420,0.08351278
690911,0.08350086
875975,0.08338523
831526,0.08333421
1011571,0.083193064
797643,0.083138466
322723,0.08303332
688537,0.083031416
727649,0.08283472
582337,0.08274913
850315,0.08274436
274679,0.0826633
698286,0.08258629
1120872,0.08252454
1043606,0.082487345
1146738,0.08248043
581286,0.082479715
771777,0.08222532
1121474,0.08219361
679177,0.082146406
1023107,0.0821414
221666,0.082128525
783964,0.082086325
579126,0.08198094
1118561,0.08190584
933606,0.08184433
630879,0.08180475
798174,0.08178902
956834,0.08175731
703654,0.0817492
375392,0.08169842
687414,0.08159518
456029,0.08157539
1067320,0.08157468
648478,0.08154845
468478,0.08152676
1022727,0.08152127
1259984,0.081480026
475703,0.0814755
1101054,0.08146238
653655,0.081451654
533133,0.08142638
447745,0.081422806
631266,0.08138394
345379,0.08137202
402809,0.081343174
318268,0.0813334
1146300,0.08123875
681071,0.08117056
180851,0.08116937
643123,0.081070185
467128,0.08094263
1138899,0.08079982
581407,0.08075881
597800,0.08075762
187937,0.08070016
690165,0.08068395
259163,0.08068323
732286,0.08067989
922634,0.08058834
171048,0.08055115
328548,0.0803957
172023,0.0803957
538448,0.0803957
410106,0.0803957
346816,0.0803957
278464,0.0803957
308017,0.0803957
324373,0.0803957
396049,0.0803957
171793,0.0803957
321018,0.0803957
212633,0.08036256
458333,0.08035469
490414,0.08035374
781114,0.080327034
1070523,0.080299854
174814,0.0802753
238445,0.08027458
288015,0.08027458
256712,0.08027458
535561,0.08027458
511154,0.08027458
369067,0.08027458
1174539,0.0802505
758701,0.08005881
1035228,0.08005118
903724,0.08002281
272567,0.079986095
192515,0.07990289
981994,0.079758644
309269,0.07970071
963508,0.07959199
473766,0.079402685
187254,0.07937145
212809,0.07934189
318006,0.079321146
1201142,0.07931614
672607,0.07920885
857659,0.07916689
345812,0.07915425
764353,0.07912779
252903,0.07901096
354911,0.07896042
758080,0.07894182
951756,0.07893014
840995,0.07891846
647354,0.07887101
345132,0.07884312
583478,0.07867956
562263,0.07856798
461191,0.07853365
615897,0.078466654
455153,0.0783577
390398,0.078320265
564472,0.078293085
749767,0.078231335
1138190,0.07813597
638193,0.07803917
874171,0.07796168
372431,0.077931404
478617,0.077931166
1164096,0.07792139
458822,0.07790017
437522,0.07786703
989182,0.07779598
797662,0.077748775
178114,0.077721596
948335,0.077661514
689117,0.07761097
836622,0.07755685
792568,0.07755685
749981,0.07750201
319363,0.07746458
760605,0.07734609
796041,0.07733965
946642,0.077260256
223057,0.07721591
413338,0.07712984
887824,0.07708311
898520,0.07705474
1201650,0.07697654
375906,0.07689643
201090,0.07682872
569921,0.07677245
515230,0.07673645
190799,0.0766387
423612,0.0766387
227902,0.0766387
422966,0.0766387
356848,0.0766387
356414,0.0766387
308687,0.0766387
1147941,0.07662344
286226,0.076556444
761598,0.07635021
168325,0.076286316
729416,0.07627201
493957,0.07619238
309168,0.07616305
342348,0.07604146
189644,0.07602239
557537,0.07597208
1099041,0.0759151
805178,0.07589722
216911,0.07585931
961720,0.075822115
393634,0.07581639
727658,0.075811625
895231,0.0755887
240371,0.0755198
587404,0.07551789
789094,0.075512886
768194,0.07543945
242010,0.07535386
231381,0.07534933
881046,0.07533646
1173040,0.075332165
718588,0.07533145
337081,0.07526922
292166,0.07511878
238077,0.07497311
557478,0.0749712
883502,0.0749197
598994,0.07491493
790701,0.07483792
967614,0.07481837
390979,0.07475567
625492,0.07472801
235706,0.07467866
186353,0.074617386
672340,0.074612856
841233,0.074582815
330349,0.074555635
467992,0.07453799
357163,0.07453108
674929,0.07450628
564295,0.074352026
741771,0.07428837
1278716,0.07426834
205724,0.074230194
243484,0.07419634
1064190,0.07416773
303205,0.07413936
341451,0.074131966
899218,0.074121
607728,0.07411933
442279,0.0740757
263617,0.07407236
510334,0.07407069
1279177,0.074040174
610420,0.07403469
406621,0.07403469
605024,0.074029684
1033334,0.07402086
568459,0.073988676
1125759,0.0739665
640266,0.07389259
354750,0.07380295
277009,0.07375932
188393,0.07374525
362162,0.07374525
428438,0.07374525
498820,0.07374525
723492,0.07374525
406492,0.07374525
241484,0.07374525
751293,0.07366443
468431,0.073584795
840555,0.07357693
440525,0.07354379
902512,0.07349229
667142,0.07348776
901973,0.07344246
276717,0.07340312
489196,0.0734005
208401,0.07337785
310997,0.07336664
536498,0.073244095
209804,0.07315922
695696,0.07314253
1268172,0.07313919
169363,0.07310939
601757,0.07308364
1313475,0.07304382
718412,0.07301712
347070,0.07295561
743770,0.072843075
1067481,0.07279301
668847,0.0726459
395835,0.07260704
1006780,0.07250905
1366370,0.07249379
426998,0.07245469
501519,0.072435856
757886,0.07240033
1130353,0.07230306
687081,0.07228112
595563,0.07224679
658122,0.072231054
773171,0.07221103
222069,0.07217431
334471,0.07209039
587274,0.07206893
752782,0.07206893
495613,0.07202339
522227,0.07197404
205307,0.07197404
312063,0.071950674
645751,0.071920395
935097,0.07191086
425804,0.07189822
217405,0.07181883
267590,0.071713924
361736,0.071606636
449422,0.07160282
249601,0.0715909
1066391,0.071573734
541459,0.07146573
817765,0.07146406
275321,0.071443796
379470,0.071439266
337000,0.07142973
203027,0.07142973
252425,0.07142973
882059,0.07139897
224150,0.071365595
907921,0.07134509
768692,0.07130098
1031735,0.07128668
171811,0.07123208
729683,0.071157694
385439,0.07113743
203633,0.07112908
247196,0.071107864
940001,0.07109952
212004,0.07107115
658883,0.07102823
289273,0.071014404
1187026,0.07098293
509402,0.070956945
221107,0.070956945
335395,0.07091951
255080,0.07087088
1075715,0.070807934
383745,0.07076931
261535,0.07069564
643783,0.07061696
254158,0.07056022
643722,0.07054949
346162,0.07051611
193960,0.07048535
614842,0.07048535
545102,0.07033539
647117,0.07027602
304410,0.07023001
415993,0.07012963
348629,0.07008982
260649,0.0700891
1026575,0.07008028
419140,0.07007098
177087,0.06994772
762968,0.06964016
781919,0.06963253
765099,0.06963205
308452,0.06955385
666297,0.069521666
834157,0.0694232
254551,0.069392204
381397,0.06935501
324835,0.069352865
1079717,0.06934619
729028,0.06933713
324680,0.069239855
677430,0.069239855
983365,0.069190025
581955,0.069173574
721615,0.069155216
444290,0.069080114
878379,0.06904626
787080,0.069034815
349516,0.069033384
549171,0.069033384
255729,0.069033384
244202,0.069033384
446225,0.06902003
215893,0.068962574
1014658,0.068941355
666326,0.06884456
305706,0.06877756
391546,0.06875634
277732,0.06873107
852901,0.068659544
544445,0.068594456
297503,0.068594456
383090,0.068591595
345194,0.068564415
1260572,0.06842399
240659,0.0684104
1127652,0.06835961
390467,0.068330765
410725,0.06833005
757628,0.0682354
776703,0.06822753
690218,0.06820321
754001,0.06819987
407584,0.06812215
675050,0.0680635
418678,0.067983866
226355,0.06796932
278494,0.06792402
201896,0.06791639
266141,0.06791639
209045,0.06791639
330836,0.06791639
691421,0.06783986
357023,0.06775713
752380,0.067756176
486450,0.06775355
731473,0.0677104
537829,0.06767774
314513,0.067634344
747342,0.06763148
789664,0.067610264
223569,0.067610264
508819,0.067493916
702582,0.067466736
194538,0.06743026
330933,0.06742835
242364,0.067358255
1012219,0.06733489
423554,0.067327976
525585,0.06730151
777893,0.06726861
515807,0.06716108
779982,0.06710386
930387,0.067093134
837674,0.06705022
560559,0.06700134
386724,0.06698561
271556,0.06677365
913687,0.06662631
433779,0.066598415
425085,0.06656623
295414,0.06655645
273356,0.0665524
712502,0.0665524
671087,0.0665524
233987,0.0665524
665634,0.0665524
303334,0.0665524
606890,0.06653309
926320,0.06652331
546661,0.06644821
798816,0.06638074
664667,0.06634426
180756,0.066342115
601857,0.06632018
868126,0.06631327
808027,0.06621957
426937,0.06621337
521457,0.06619334
338579,0.066123724
426704,0.06610727
879940,0.066078186
450720,0.06601381
1073879,0.06600928
1147476,0.065983534
587549,0.065960884
541133,0.065960884
1173811,0.065711975
832444,0.06570387
475836,0.06569862
873057,0.065668344
219662,0.06565404
784601,0.06561208
364047,0.065481424
1012315,0.06546497
721465,0.06545687
517250,0.06543589
339663,0.06542325
596473,0.0654006
451790,0.06538749
313047,0.06538749
439643,0.06538749
754585,0.06537151
285047,0.06537151
362061,0.06536102
588537,0.06535697
772542,0.06530595
241212,0.06527066
858638,0.065256834
475391,0.06516504
780605,0.06508875
705817,0.06507611
364045,0.06505346
658153,0.06499982
792328,0.064796925
681565,0.064751625
278301,0.0647068
661111,0.06465626
910442,0.06464553
782626,0.06459427
367855,0.06454396
448977,0.06439233
604019,0.06439233
213344,0.06439233
480756,0.06439233
502450,0.06439233
518391,0.06437254
484100,0.06435251
779478,0.064338684
656962,0.06431389
462832,0.06431389
626627,0.06430149
378479,0.064288616
438192,0.06427026
605002,0.06420541
713745,0.064163685
990007,0.06409812
296516,0.06407595
1066904,0.06400323
635342,0.063881874
336463,0.06387496
524138,0.063848495
318632,0.06377149
756037,0.063762665
225507,0.06375456
843764,0.06374502
446633,0.063733816
197689,0.06371045
464068,0.0636909
954069,0.06365204
758874,0.06364417
436465,0.06364393
185288,0.063634396
216326,0.063580036
864621,0.06357503
838700,0.063569546
445629,0.063544035
353378,0.063544035
319118,0.063544035
224695,0.063544035
326619,0.063544035
715055,0.06351209
547984,0.06348109
750482,0.06327963
1074449,0.063260555
1091395,0.06325436
506108,0.063097715
325221,0.063081264
775706,0.063058615
927898,0.06305623
509835,0.0630548
779684,0.06301069
683088,0.062856674
479387,0.06282687
327662,0.062823296
271747,0.062823296
395468,0.062823296
654547,0.062823296
214790,0.062823296
168408,0.062823296
223213,0.06274176
712717,0.06274176
823391,0.06270456
197941,0.06270075
416694,0.062641144
712630,0.062600136
1170098,0.06257439
251731,0.062568665
584415,0.062557936
436199,0.062557936
298842,0.06251359
171076,0.06249714
1110420,0.06249523
175408,0.06234646
771576,0.062341213
681317,0.062304497
632647,0.06229663
371229,0.0622921
910244,0.062228203
250309,0.06221199
570787,0.06221199
438438,0.06221199
264624,0.06221199
338592,0.06221199
419736,0.06221199
352226,0.062170744
1265335,0.062155724
384131,0.062154293
245707,0.062153816
486989,0.06214738
255422,0.062143564
792278,0.062067747
442374,0.06202674
778955,0.061925888
482448,0.061878443
918590,0.061873198
682518,0.061736345
361888,0.061696768
749348,0.061696768
355375,0.061696768
237097,0.061696768
398619,0.061696768
267634,0.061696768
703889,0.061696768
439362,0.061696768
549716,0.061696768
840337,0.061649084
921376,0.06159115
952283,0.06157899
564408,0.061547756
1266384,0.06145358
462583,0.061262846
254804,0.061262846
293270,0.061262846
568932,0.061262846
805397,0.06126213
823118,0.06123233
1181839,0.061231375
438445,0.0612185
432289,0.061072588
757284,0.06099248
220636,0.060909033
179494,0.060898304
610366,0.060898304
398704,0.060898304
309670,0.060898304
483292,0.060898304
575045,0.060792446
996283,0.060678005
839117,0.060674906
368911,0.060614824
360922,0.060593367
406077,0.060593367
306130,0.060593367
249130,0.060593367
339985,0.060593367
418109,0.060593367
767553,0.060548544
284363,0.06039977
598516,0.06037259
307046,0.06033826
257593,0.06033826
339040,0.06033826
364654,0.06033826
337134,0.06033826
287905,0.06033826
190444,0.06033826
193461,0.060308456
971173,0.060256958
964171,0.0602026
207162,0.06012535
566356,0.06012535
252424,0.06012535
404306,0.06012535
629790,0.06012535
343206,0.06012535
367992,0.06012535
729716,0.06012535
596794,0.060000658
552761,0.059948206
224194,0.059948206
573972,0.059948206
208934,0.059948206
197267,0.059948206
289780,0.059948206
1013442,0.05990243
860351,0.059815645
216589,0.059800863
580344,0.059800863
521251,0.059800863
309727,0.059800863
217012,0.059800863
432939,0.059800863
578755,0.059800863
563059,0.059800863
273908,0.059800863
182008,0.059776306
204451,0.059678555
315104,0.059678555
692658,0.059678555
264813,0.059678555
369376,0.059678555
446912,0.05960059
174676,0.05957675
315105,0.05957675
413096,0.05957675
407551,0.059517384
198436,0.059492826
190313,0.059492826
486535,0.059492826
421589,0.059492826
676669,0.059492826
292690,0.059492826
411538,0.05945182
251327,0.05942154
429115,0.0594182
207980,0.0594182
597928,0.0594182
366740,0.0594182
564010,0.0594182
322139,0.0594182
770391,0.0594182
500053,0.0594182
705391,0.0594182
239036,0.0594182
438461,0.05937934
420539,0.059320927
326874,0.059320927
708721,0.059320927
256895,0.059320927
516082,0.059320927
550079,0.059320927
427035,0.059320927
295661,0.059320927
271973,0.059320927
273123,0.059320927
206810,0.059302807
271625,0.059286833
390294,0.059207916
632785,0.059088707
797507,0.05905032
804559,0.05905032
636759,0.059022903
1170809,0.059018135
910016,0.059007883
296216,0.058979988
858966,0.058977365
683051,0.058973074
722556,0.058973074
365942,0.058973074
261112,0.058973074
543458,0.058973074
851789,0.058922052
482084,0.05888486
409056,0.05888486
1025834,0.058860064
345904,0.0587945
635421,0.058782578
226712,0.058782578
233631,0.058782578
771245,0.058782578
842069,0.058721066
859447,0.058718204
1084846,0.058707237
401477,0.058637142
169212,0.058637142
1048225,0.058572054
650181,0.058513403
350869,0.058513403
1158326,0.058469772
830617,0.058463097
442350,0.0584085
329638,0.058382034
271189,0.058235645
219842,0.058190107
1315257,0.057994366
651337,0.057923555
825841,0.05788517
357323,0.057843447
1263329,0.05770588
439500,0.057574272
588530,0.057560444
975601,0.05752158
856854,0.057477236
808973,0.057388306
191539,0.057359695
986880,0.056988955
187512,0.056985855
775760,0.056985855
204600,0.056985855
550811,0.056985855
895767,0.056919098
880362,0.056919098
639855,0.05683613
190309,0.05683613
278775,0.05683613
679942,0.05683613
181017,0.05683613
227652,0.05683613
459185,0.05683613
721510,0.05683613
866170,0.05674863
857837,0.05674863
756819,0.05674863
859411,0.05674863
869356,0.05674863
868675,0.05674863
801262,0.05674863
866007,0.05674863
857477,0.05674863
865787,0.05674863
859689,0.05674863
858782,0.05674863
317706,0.056728125
759582,0.056649923
801361,0.0566051
925039,0.056563377
874584,0.05654311
694217,0.056459427
1039735,0.056378365
1101127,0.05609989
859446,0.05600667
832808,0.055876493
282682,0.055853844
1125330,0.055841208
788369,0.055744648
845970,0.055744648
791654,0.055744648
799535,0.055744648
799581,0.055744648
841009,0.055744648
805594,0.055744648
796923,0.055744648
290676,0.055744648
841500,0.055744648
787909,0.055744648
193129,0.055744648
843485,0.055744648
952586,0.055498123
1097863,0.055472136
885661,0.05545783
886345,0.05545783
881957,0.05545783
756867,0.05545783
871226,0.05545783
859287,0.05545783
874788,0.05545783
870629,0.05545783
874082,0.05545783
417230,0.055401087
303027,0.055369854
641578,0.05527854
1079873,0.05501008
900457,0.054987192
210027,0.054872513
209280,0.054818153
516463,0.054778337
578272,0.054757595
334125,0.054697514
616242,0.054569244
621688,0.05452323
924044,0.054522753
543438,0.054518938
400665,0.05442977
1122179,0.05438614
334800,0.05432105
918837,0.054122448
1268195,0.05401063
968451,0.053993464
651549,0.0537951
1134831,0.053741693
1290431,0.053706884
305540,0.05367756
1147977,0.053590775
413007,0.05345106
1095506,0.053304434
867062,0.05329442
1035259,0.05308056
225204,0.052453518
902529,0.05243373
886210,0.05232215
720395,0.05232215
921394,0.05232215
533758,0.05232215
910449,0.05232215
893782,0.05232215
883627,0.05232215
894696,0.05232215
883367,0.05232215
894991,0.05232215
925720,0.05232215
631935,0.05232215
924438,0.05232215
913527,0.05232215
218804,0.052245617
798293,0.052245617
511830,0.052245617
794835,0.052245617
792912,0.052245617
769117,0.052245617
729182,0.052245617
779477,0.052245617
1280743,0.052025795
1284221,0.052012444
1291629,0.052012444
915442,0.051932573
523902,0.051889896
678676,0.051664114
908570,0.05137968
711358,0.05131364
595394,0.05122018
1031731,0.051061153
922103,0.051048517
354982,0.050993443
1053592,0.05098653
1000494,0.05072999
929544,0.050224304
934908,0.049976587
995839,0.04997182
971174,0.049952745
965995,0.04959154
938246,0.04953146
1018575,0.049429417
935505,0.049352407
936264,0.049352407
927815,0.049352407
895094,0.049352407
913452,0.049352407
914931,0.049352407
915767,0.049352407
311056,0.049285173
1026938,0.049131155
968140,0.049019337
1084986,0.048716307
301086,0.04870701
429040,0.048636198
933469,0.048636198
1126958,0.048481464
937282,0.04843402
1076925,0.048139334
1066588,0.0479939
820687,0.047745943
910784,0.04766941
274353,0.04766941
943669,0.04766941
945833,0.04766941
949107,0.04766941
906403,0.04766941
243365,0.04766941
933554,0.04766941
1036630,0.047647476
389237,0.047647476
351063,0.04749775
807793,0.047449827
774384,0.04743719
472501,0.04743719
778036,0.04743719
577330,0.04743719
504838,0.04743719
505959,0.04743719
750519,0.04743719
773145,0.04743719
550803,0.04743719
772836,0.04743719
437488,0.04743719
574111,0.04743719
783900,0.04743719
630991,0.04743719
218666,0.04743719
677940,0.04743719
449589,0.04743719
471960,0.04743719
448704,0.04743719
634090,0.04743719
275019,0.04743719
773077,0.04743719
1083519,0.047418833
822444,0.047341824
1080344,0.04712844
1166079,0.046984434
217706,0.046714067
303447,0.04663825
922599,0.046396494
405756,0.04627657
724271,0.04613495
1070806,0.046071053
1092661,0.045939922
991344,0.045836926
1087252,0.045834303
566681,0.045770645
832379,0.045419693
665271,0.045302153
309569,0.045302153
309635,0.045302153
309992,0.045302153
635229,0.045302153
311686,0.045302153
310800,0.045302153
632409,0.045302153
310855,0.045302153
305456,0.045302153
304456,0.045302153
624122,0.045302153
625016,0.045302153
304186,0.045302153
310977,0.045302153
303593,0.045302153
309499,0.045302153
648435,0.045302153
309147,0.045302153
651232,0.045302153
307922,0.045302153
308630,0.045302153
654525,0.045302153
308652,0.045302153
307669,0.045302153
308755,0.045302153
651207,0.045302153
304472,0.045302153
308936,0.045302153
644229,0.045302153
652083,0.045302153
305934,0.045302153
322636,0.045302153
311204,0.045302153
309140,0.045302153
304615,0.045302153
653711,0.045302153
308269,0.045302153
653951,0.045302153
311905,0.045302153
297847,0.045302153
625678,0.045302153
303191,0.045302153
332072,0.045302153
310902,0.045302153
297136,0.045302153
324247,0.045302153
324841,0.045302153
325521,0.045302153
331905,0.045302153
326842,0.045302153
328905,0.045302153
329363,0.045302153
625585,0.045302153
329467,0.045302153
625207,0.045302153
331342,0.045302153
329631,0.045302153
330938,0.045302153
627001,0.045302153
627548,0.045302153
313426,0.045302153
330126,0.045302153
627300,0.045302153
312225,0.045302153
312062,0.045302153
330026,0.045302153
329897,0.045302153
660161,0.045302153
644082,0.045302153
313801,0.045302153
302563,0.045302153
298140,0.045302153
314867,0.045302153
314521,0.045302153
665088,0.045302153
298612,0.045302153
299763,0.045302153
299934,0.045302153
663475,0.045302153
300473,0.045302153
300713,0.045302153
332886,0.045302153
332565,0.045302153
300733,0.045302153
300875,0.045302153
301023,0.045302153
301160,0.045302153
301481,0.045302153
332516,0.045302153
662849,0.045302153
301650,0.045302153
302055,0.045302153
662421,0.045302153
662157,0.045302153
461079,0.045302153
302546,0.045302153
631421,0.045302153
296728,0.045302153
167939,0.045302153
221082,0.045302153
229661,0.045302153
211162,0.045302153
173880,0.045302153
230536,0.045302153
225535,0.045302153
466634,0.045302153
225207,0.045302153
175028,0.045302153
466177,0.045302153
219830,0.045302153
210992,0.045302153
221277,0.045302153
221322,0.045302153
221657,0.045302153
219615,0.045302153
219253,0.045302153
465342,0.045302153
219016,0.045302153
464442,0.045302153
463586,0.045302153
230000,0.045302153
210537,0.045302153
221736,0.045302153
229549,0.045302153
450815,0.045302153
228245,0.045302153
471434,0.045302153
228275,0.045302153
211651,0.045302153
211404,0.045302153
453357,0.045302153
211397,0.045302153
229350,0.045302153
209940,0.045302153
466776,0.045302153
468856,0.045302153
209997,0.045302153
230330,0.045302153
177698,0.045302153
210151,0.045302153
176911,0.045302153
210513,0.045302153
468456,0.045302153
210516,0.045302153
174861,0.045302153
218369,0.045302153
227856,0.045302153
220757,0.045302153
230550,0.045302153
205014,0.045302153
480489,0.045302153
234214,0.045302153
204627,0.045302153
426217,0.045302153
234224,0.045302153
234747,0.045302153
179250,0.045302153
203799,0.045302153
209675,0.045302153
235336,0.045302153
203719,0.045302153
426856,0.045302153
171656,0.045302153
502738,0.045302153
203623,0.045302153
428322,0.045302153
236138,0.045302153
203137,0.045302153
209285,0.045302153
174498,0.045302153
221767,0.045302153
224369,0.045302153
461819,0.045302153
217745,0.045302153
222449,0.045302153
223011,0.045302153
224949,0.045302153
176552,0.045302153
461289,0.045302153
224890,0.045302153
224854,0.045302153
214933,0.045302153
223071,0.045302153
224188,0.045302153
223542,0.045302153
217381,0.045302153
459997,0.045302153
479998,0.045302153
223272,0.045302153
509934,0.045302153
176324,0.045302153
217503,0.045302153
227987,0.045302153
473202,0.045302153
246530,0.045302153
169496,0.045302153
194819,0.045302153
194666,0.045302153
169808,0.045302153
199939,0.045302153
243035,0.045302153
193916,0.045302153
243648,0.045302153
169544,0.045302153
170583,0.045302153
244003,0.045302153
239949,0.045302153
183998,0.045302153
184311,0.045302153
192060,0.045302153
405464,0.045302153
184374,0.045302153
244602,0.045302153
190955,0.045302153
425047,0.045302153
184441,0.045302153
194864,0.045302153
404889,0.045302153
243964,0.045302153
186735,0.045302153
247866,0.045302153
187233,0.045302153
248065,0.045302153
187106,0.045302153
238190,0.045302153
239473,0.045302153
248103,0.045302153
247361,0.045302153
199153,0.045302153
239654,0.045302153
244697,0.045302153
198106,0.045302153
238392,0.045302153
246107,0.045302153
403580,0.045302153
248605,0.045302153
187532,0.045302153
535510,0.045302153
181822,0.045302153
198463,0.045302153
191347,0.045302153
197816,0.045302153
475007,0.045302153
225712,0.045302153
241567,0.045302153
444922,0.045302153
190264,0.045302153
170853,0.045302153
445670,0.045302153
183292,0.045302153
175381,0.045302153
237839,0.045302153
445811,0.045302153
214779,0.045302153
195322,0.045302153
446288,0.045302153
225929,0.045302153
226174,0.045302153
214358,0.045302153
475405,0.045302153
226473,0.045302153
227670,0.045302153
475322,0.045302153
227749,0.045302153
478188,0.045302153
443756,0.045302153
194917,0.045302153
188033,0.045302153
426026,0.045302153
195290,0.045302153
478606,0.045302153
239995,0.045302153
181981,0.045302153
197394,0.045302153
196851,0.045302153
196839,0.045302153
187883,0.045302153
196682,0.045302153
189904,0.045302153
185238,0.045302153
195187,0.045302153
170995,0.045302153
196044,0.045302153
182371,0.045302153
240951,0.045302153
195700,0.045302153
442946,0.045302153
189650,0.045302153
236142,0.045302153
428755,0.045302153
203058,0.045302153
360782,0.045302153
563599,0.045302153
382071,0.045302153
564145,0.045302153
379972,0.045302153
437067,0.045302153
582085,0.045302153
582720,0.045302153
486010,0.045302153
584204,0.045302153
438391,0.045302153
384060,0.045302153
350739,0.045302153
350391,0.045302153
600305,0.045302153
349405,0.045302153
600550,0.045302153
438854,0.045302153
601763,0.045302153
603000,0.045302153
604108,0.045302153
563236,0.045302153
488099,0.045302153
604998,0.045302153
553887,0.045302153
388566,0.045302153
388452,0.045302153
388440,0.045302153
435118,0.045302153
387935,0.045302153
387854,0.045302153
552290,0.045302153
553116,0.045302153
387338,0.045302153
556249,0.045302153
561459,0.045302153
386608,0.045302153
435501,0.045302153
386479,0.045302153
385971,0.045302153
435858,0.045302153
385961,0.045302153
384323,0.045302153
384310,0.045302153
561415,0.045302153
604883,0.045302153
607764,0.045302153
203029,0.045302153
357300,0.045302153
352840,0.045302153
358880,0.045302153
358185,0.045302153
357692,0.045302153
357536,0.045302153
353174,0.045302153
357483,0.045302153
357431,0.045302153
353361,0.045302153
357179,0.045302153
352278,0.045302153
356653,0.045302153
589071,0.045302153
355750,0.045302153
590926,0.045302153
354695,0.045302153
354672,0.045302153
592499,0.045302153
354071,0.045302153
353777,0.045302153
586937,0.045302153
352700,0.045302153
607879,0.045302153
621889,0.045302153
343193,0.045302153
342998,0.045302153
341337,0.045302153
439671,0.045302153
340910,0.045302153
391657,0.045302153
548241,0.045302153
339984,0.045302153
337688,0.045302153
337247,0.045302153
352445,0.045302153
390107,0.045302153
337239,0.045302153
596957,0.045302153
336998,0.045302153
336545,0.045302153
334987,0.045302153
334841,0.045302153
389844,0.045302153
351794,0.045302153
551679,0.045302153
551063,0.045302153
564779,0.045302153
208027,0.045302153
207698,0.045302153
178286,0.045302153
178198,0.045302153
231345,0.045302153
178374,0.045302153
231296,0.045302153
496996,0.045302153
230980,0.045302153
496603,0.045302153
173801,0.045302153
497635,0.045302153
208566,0.045302153
208944,0.045302153
208019,0.045302153
199976,0.045302153
206897,0.045302153
233402,0.045302153
172366,0.045302153
206331,0.045302153
172531,0.045302153
207482,0.045302153
232033,0.045302153
564835,0.045302153
171475,0.045302153
200079,0.045302153
200708,0.045302153
180155,0.045302153
201447,0.045302153
237205,0.045302153
201831,0.045302153
498178,0.045302153
178944,0.045302153
179665,0.045302153
201977,0.045302153
205713,0.045302153
202438,0.045302153
236792,0.045302153
497960,0.045302153
202951,0.045302153
236226,0.045302153
179560,0.045302153
205391,0.045302153
497848,0.045302153
233611,0.045302153
233074,0.045302153
178744,0.045302153
232262,0.045302153
576719,0.045302153
371380,0.045302153
492312,0.045302153
379210,0.045302153
371192,0.045302153
370775,0.045302153
492159,0.045302153
491825,0.045302153
575325,0.045302153
368846,0.045302153
577042,0.045302153
232778,0.045302153
366966,0.045302153
366832,0.045302153
366681,0.045302153
365348,0.045302153
364608,0.045302153
364574,0.045302153
363973,0.045302153
573541,0.045302153
565150,0.045302153
569896,0.045302153
492984,0.045302153
373813,0.045302153
373968,0.045302153
172645,0.045302153
232591,0.045302153
232582,0.045302153
232336,0.045302153
206454,0.045302153
493520,0.045302153
206593,0.045302153
232752,0.045302153
204095,0.045302153
460107,0.045302153
249737,0.045302153
378845,0.045302153
377768,0.045302153
566647,0.045302153
493457,0.045302153
376608,0.045302153
568004,0.045302153
568266,0.045302153
493187,0.045302153
197929,0.045302153
248083,0.045302153
199395,0.045302153
705904,0.045302153
679993,0.045302153
265337,0.045302153
285892,0.045302153
624087,0.045302153
334529,0.045302153
406819,0.045302153
266286,0.045302153
265099,0.045302153
408652,0.045302153
529793,0.045302153
409704,0.045302153
529279,0.045302153
410411,0.045302153
528343,0.045302153
285371,0.045302153
285081,0.045302153
264241,0.045302153
281355,0.045302153
687810,0.045302153
278601,0.045302153
687329,0.045302153
279087,0.045302153
279901,0.045302153
280236,0.045302153
281378,0.045302153
285065,0.045302153
281451,0.045302153
282197,0.045302153
283576,0.045302153
709090,0.045302153
285032,0.045302153
265031,0.045302153
526559,0.045302153
410830,0.045302153
410937,0.045302153
271007,0.045302153
269543,0.045302153
269780,0.045302153
269787,0.045302153
186488,0.045302153
261223,0.045302153
260221,0.045302153
260005,0.045302153
523490,0.045302153
250008,0.045302153
250206,0.045302153
423236,0.045302153
250304,0.045302153
511244,0.045302153
407607,0.045302153
512217,0.045302153
699099,0.045302153
512316,0.045302153
269135,0.045302153
512869,0.045302153
513554,0.045302153
268409,0.045302153
268360,0.045302153
268337,0.045302153
705668,0.045302153
515358,0.045302153
516804,0.045302153
519123,0.045302153
520165,0.045302153
416294,0.045302153
520392,0.045302153
414977,0.045302153
689383,0.045302153
263733,0.045302153
250439,0.045302153
320745,0.045302153
316946,0.045302153
318443,0.045302153
318748,0.045302153
638474,0.045302153
638374,0.045302153
320395,0.045302153
321393,0.045302153
315777,0.045302153
636058,0.045302153
292389,0.045302153
321975,0.045302153
668286,0.045302153
293255,0.045302153
293505,0.045302153
316512,0.045302153
670302,0.045302153
277667,0.045302153
289893,0.045302153
287462,0.045302153
288723,0.045302153
288836,0.045302153
289472,0.045302153
315170,0.045302153
289555,0.045302153
290361,0.045302153
291677,0.045302153
290418,0.045302153
290525,0.045302153
672987,0.045302153
315456,0.045302153
291219,0.045302153
291233,0.045302153
667605,0.045302153
294756,0.045302153
322102,0.045302153
692470,0.045302153
273219,0.045302153
713650,0.045302153
262051,0.045302153
713384,0.045302153
262381,0.045302153
262459,0.045302153
262959,0.045302153
322324,0.045302153
263022,0.045302153
275042,0.045302153
691088,0.045302153
263409,0.045302153
263545,0.045302153
275954,0.045302153
272918,0.045302153
261602,0.045302153
260572,0.045302153
249520,0.045302153
297120,0.045302153
285929,0.045302153
665437,0.045302153
272219,0.045302153
679867,0.045302153
287057,0.045302153
296718,0.045302153
296555,0.045302153
322454,0.045302153
295978,0.045302153
295742,0.045302153
295701,0.045302153
295213,0.045302153
406798,0.045302153
596587,0.045302153
251455,0.045302153
537025,0.045302153
397302,0.045302153
547554,0.045302153
695253,0.045302153
393183,0.045302153
770879,0.045302153
548129,0.045302153
541540,0.045302153
621928,0.045302153
398801,0.045302153
750812,0.045302153
756380,0.045302153
761654,0.045302153
488734,0.045302153
538247,0.045302153
400792,0.045302153
538080,0.045302153
401088,0.045302153
758158,0.045302153
391578,0.045302153
749782,0.045302153
396569,0.045302153
521877,0.045302153
402317,0.045302153
597003,0.045302153
685641,0.045302153
746791,0.045302153
741944,0.045302153
269858,0.045302153
547298,0.045302153
259636,0.045302153
395886,0.045302153
254795,0.045302153
396692,0.045302153
254480,0.045302153
254439,0.045302153
304454,0.045302153
255456,0.045302153
253159,0.045302153
252303,0.045302153
720260,0.045302153
257111,0.045302153
251940,0.045302153
396138,0.045302153
723909,0.045302153
259616,0.045302153
679582,0.045302153
257651,0.045302153
258142,0.045302153
251328,0.045302153
395200,0.045302153
258197,0.045302153
251216,0.045302153
544736,0.045302153
251086,0.045302153
258547,0.045302153
545779,0.045302153
397148,0.045302153
392014,0.045302153
255280,0.045302153
526396,0.045302153
769759,0.045302153
203467,0.045302153
394344,0.045302153
643175,0.045302153
298993,0.045302153
313409,0.045302153
176731,0.045302153
245818,0.045302153
675450,0.045302153
468914,0.045302153
741759,0.045302153
444158,0.045302153
485955,0.045302153
390306,0.045302153
544072,0.045302153
354796,0.045302153
510146,0.045302153
399753,0.045302153
359013,0.045302153
516457,0.045302153
736004,0.045302153
316412,0.045302153
738626,0.045302153
751233,0.045302153
742915,0.045302153
746305,0.045302153
180344,0.045302153
238596,0.045302153
187598,0.045302153
168286,0.045302153
744029,0.045302153
1366311,0.045302153
434331,0.045302153
239886,0.045302153
238569,0.045302153
186094,0.045302153
321996,0.045302153
769334,0.045302153
250570,0.045302153
276372,0.045302153
322821,0.045302153
769484,0.045302153
588131,0.045302153
1062817,0.045181513
920644,0.044605017
922016,0.044605017
987459,0.044605017
974770,0.044605017
961649,0.044605017
970698,0.044605017
967647,0.044605017
966443,0.044605017
955539,0.044605017
949663,0.044605017
966792,0.044605017
970665,0.044605017
965312,0.044605017
967607,0.044605017
965609,0.044605017
967788,0.044605017
965287,0.044605017
968831,0.044605017
968359,0.044605017
961616,0.044605017
1154609,0.044348717
1119681,0.0443151
1060208,0.044142008
826923,0.04411435
601576,0.04411435
419788,0.043986082
1017941,0.043947697
1139310,0.04369116
1190717,0.04344678
1256109,0.042964935
1010584,0.042021036
636686,0.04182911
1304896,0.04137826
1108126,0.04137492
1110134,0.040910482
1016126,0.040800333
1067559,0.040705204
381400,0.04065633
993817,0.040596962
830640,0.040530205
985393,0.040530205
830753,0.040530205
810795,0.040530205
822446,0.040530205
822804,0.040530205
956762,0.040530205
988079,0.040530205
824230,0.040530205
824511,0.040530205
824880,0.040530205
826663,0.040530205
827603,0.040530205
829413,0.040530205
970913,0.040530205
976597,0.040530205
808474,0.040530205
916058,0.040530205
977535,0.040530205
831460,0.040530205
831963,0.040530205
182401,0.040530205
810434,0.040530205
1142793,0.040222168
1295907,0.04017043
1080402,0.040066004
998653,0.039719343
825199,0.03959298
839356,0.03925228
836142,0.03925228
989967,0.03925228
993505,0.03925228
993210,0.039084673
1023301,0.0385499
247785,0.038347244
548550,0.03828907
1277138,0.03826189
916261,0.03809452
1070208,0.037770033
1100852,0.037770033
217998,0.037770033
664096,0.03719282
1313619,0.037013054
1004619,0.036816597
1030915,0.036340952
990573,0.036248922
1004542,0.036182642
1158665,0.03592825
825026,0.03585553
836227,0.035794973
827466,0.035794973
828326,0.035794973
817191,0.035794973
830364,0.035794973
831112,0.035794973
832003,0.035794973
832651,0.035794973
831203,0.035794973
826177,0.035794973
820536,0.035794973
832858,0.035794973
991250,0.035794973
1001617,0.035794973
993287,0.035794973
992399,0.035794973
984403,0.035794973
999636,0.03528142
1016150,0.03513193
1064347,0.034062147
1134446,0.03405285
1193835,0.03405285
1137029,0.033183336
976333,0.033082962
1041009,0.03296542
1096222,0.03289199
1027454,0.03223777
657189,0.03214264
1172755,0.03177142
922030,0.031651974
646930,0.030919313
1006431,0.030714273
1016605,0.030714273
1028288,0.030714273
1028463,0.030714273
559948,0.030714273
1028876,0.030714273
916691,0.030714273
833087,0.030714273
1002372,0.030714273
576401,0.030714273
1007068,0.030714273
1011229,0.030714273
1013469,0.030714273
1012783,0.030714273
1012047,0.030714273
1001916,0.030714273
1001996,0.030714273
999392,0.030714273
1001389,0.030714273
996523,0.030714273
1002196,0.030714273
1078404,0.03026104
1262240,0.029477835
403944,0.02911973
1051534,0.028241396
1050538,0.027707815
1051076,0.027201414
1288167,0.027171612
1044772,0.026924849
1286660,0.02564001
1035917,0.025536299
1030373,0.025536299
1027599,0.025536299
1014490,0.025536299
1010773,0.025536299
1029585,0.025536299
595854,0.025536299
1043350,0.025536299
1041986,0.025536299
834449,0.025536299
1030612,0.025536299
422573,0.025536299
1030574,0.025536299
1143301,0.025478363
1034727,0.02474308
1127658,0.024057627
1072122,0.02325797
1259157,0.023141384
1283489,0.023141384
1122951,0.021469355
1054428,0.021280289
1298918,0.021256924
1286081,0.021256924
1153676,0.020763159
1118552,0.02057314
1286821,0.020563126
1049044,0.020523787
674927,0.020523787
836454,0.020523787
1067897,0.020523787
1049036,0.020523787
1052761,0.020523787
1077368,0.020523787
1077399,0.020523787
1057703,0.020523787
1049088,0.020523787
1065767,0.020523787
1077823,0.020523787
1049567,0.020523787
1130699,0.020034075
1301816,0.019293308
1138321,0.018678904
1142864,0.018678904
1171118,0.018118143
1031165,0.017628908
1156441,0.017015457
1136373,0.016858816
1163704,0.0164783
1093162,0.015853405
1089010,0.015853405
1080873,0.015853405
1066224,0.015853405
835808,0.015853405
1079009,0.015853405
1096258,0.015853405
1063918,0.015853405
1090525,0.015853405
1270041,0.014322042
173157,0.013712168
1310245,0.013201952
598646,0.012844563
1316449,0.012705803
1303686,0.012705803
1276790,0.012281418
1105308,0.011657715
1100678,0.011657715
1107534,0.011657715
1106034,0.011657715
1063605,0.011657715
1036436,0.011657715
1102809,0.011657715
1089194,0.011657715
1103708,0.011657715
1099864,0.011657715
1090173,0.011657715
1095099,0.011657715
1094888,0.011657715
1017739,0.011657715
1095899,0.011657715
1114168,0.011657715
1106214,0.011657715
1251665,0.011349201
1260987,0.011147261
1255492,0.011147261
1301358,0.011111259
1270770,0.011111259
1284158,0.008233309
1102657,0.008028746
1152613,0.008028746
1146127,0.008028746
1181586,0.008028746
1137922,0.008028746
1138106,0.008028746
1147071,0.008028746
1142278,0.008028746
1138388,0.008028746
1113433,0.008028746
1129878,0.008028746
1139286,0.008028746
1146810,0.008028746
1139292,0.008028746
1135331,0.008028746
963966,0.008028746
1146537,0.008028746
1168589,0.008028746
1284538,0.006036282
1099696,0.005026102
1163674,0.005026102
1171120,0.005026102
1088850,0.005026102
1173871,0.005026102
1122732,0.005026102
1166869,0.005026102
1166995,0.005026102
1167543,0.005026102
1154133,0.005026102
1132493,0.005026102
1325187,0.004335642
1189658,0.003097296
1199710,0.002692223
1030793,0.002692223
1193552,0.002692223
1176850,0.002692223
1008379,0.002692223
1101726,0.002692223
1179968,0.002692223
1072099,0.002692223
1182995,0.002692223
1189116,0.002692223
1169226,0.002692223
1112851,0.002692223
1189840,0.002692223
1201063,0.002692223
1176008,0.002692223
1196232,0.002692223
1115816,0.002692223
1072389,0.002295017
1321340,0.002295017
1329518,0.002295017
1320649,0.002295017
1137254,0.002295017
1328138,0.002295017
1320406,0.002295017
1305314,0.002295017
1306565,0.002295017
1329502,0.002295017
1110247,0.002295017
1325335,0.002295017
1320081,0.002295017
1324560,0.002295017
1166496,0.002295017
1111252,0.002295017
1278043,0.002295017
1274438,0.001655102
1273134,0.001056194
1255908,0.001056194
1251519,0.001056194
1250441,0.001056194
1250762,0.001056194
1257183,0.001056194
1261415,0.001056194
1259525,0.001056194
1266625,0.001056194
1260068,0.001056194
1254816,0.001056194
1251681,0.001056194
1249052,0.001056194
1256227,0.001056194
1248251,0.001056194
1261018,0.001056194
596540,0.001056194
1255429,0.001056194
1319662,0.000680447
1328369,0.000680447
1303170,0.000680447
1306590,0.000680447
1262009,0.000680447
1307620,0.000680447
1294738,0.000680447
1304818,0.000680447
1313485,0.000680447
1267593,0.000680447
1282869,0.000680447
1258618,0.000680447
1159602,0.000680447
1309172,0.000680447
1307024,0.000680447
1319492,0.000680447
1322289,0.000680447
1324989,0.000680447
1305203,0.000680447
1274983,0.000144959
1262338,0.000144959
428256,0.000144959
1292318,0.000144959
1278856,0.000144959
1274990,0.000144959
1298365,0.000144959
1273633,0.000144959
1290482,0.000144959
1274255,0.000144959
1276311,0.000144959
172552,0.000144959
1283337,0.000144959
1267410,0.000144959
1298799,0.000144959
1290510,0.000144959
1288109,0.000144959
1302430,0
1301722,0
1268299,0
1303378,0
1297847,0
1288571,0
1271403,0
1252301,0
1291335,0
454895,0
1271244,0
1280005,0
1297089,0
1307362,0
1306264,0
1295066,0
1300697,0
1272753,0
