customer_id,gender,birth_year
167939,female,1985.0
168055,male,1966.0
168227,female,1981.0
168286,female,1961.0
168308,female,1970.0
168325,male,1975.0
168408,female,1971.0
168598,,
168960,female,1987.0
169007,female,1974.0
169212,female,1980.0
169217,female,1971.0
169277,male,1986.0
169363,female,1974.0
169405,female,1982.0
169496,female,1980.0
169544,male,1974.0
169785,female,1984.0
169808,male,1979.0
169821,male,1991.0
169987,male,1983.0
170507,male,1976.0
170583,male,1979.0
170853,female,1979.0
170904,male,1979.0
170995,male,1971.0
171048,female,1950.0
171076,male,1971.0
171276,male,1954.0
171475,male,1956.0
171538,male,1973.0
171615,male,1963.0
171656,,
171793,male,1955.0
171811,male,1969.0
172023,female,1961.0
172138,male,1982.0
172246,female,1970.0
172366,male,1961.0
172438,female,1987.0
172531,male,1972.0
172552,female,1947.0
172645,male,1963.0
173157,male,1990.0
173267,male,1966.0
173322,,
173333,female,1962.0
173547,male,1981.0
173715,female,1988.0
173801,male,1968.0
173880,male,1973.0
173985,male,1971.0
174193,female,1988.0
174498,female,1952.0
174618,female,1988.0
174676,female,1971.0
174800,female,1990.0
174814,female,
174861,female,1969.0
174970,male,1986.0
174979,female,1956.0
175028,female,1979.0
175287,female,1987.0
175381,male,1970.0
175408,male,1976.0
176102,male,1976.0
176324,male,1946.0
176341,female,1986.0
176452,male,1964.0
176552,male,1949.0
176553,female,1976.0
176564,female,1962.0
176602,female,1955.0
176731,female,1988.0
176793,female,1942.0
176847,male,1986.0
176911,male,1980.0
177087,male,1981.0
177254,,
177364,female,1963.0
177486,female,1946.0
177650,female,1949.0
177698,female,1969.0
177757,female,1962.0
177980,female,1975.0
178114,female,1967.0
178198,male,1956.0
178286,male,1968.0
178374,female,1951.0
178541,male,1968.0
178602,female,1973.0
178742,female,1973.0
178744,female,1967.0
178944,female,1966.0
179128,,
179250,female,1978.0
179494,female,1979.0
179560,male,1988.0
179650,male,1993.0
179665,female,1974.0
179678,male,1963.0
179992,female,1992.0
180050,male,1966.0
180155,male,1955.0
180224,male,1955.0
180344,female,1981.0
180756,male,1983.0
180824,female,1973.0
180840,male,1973.0
180851,female,1963.0
181017,female,1978.0
181071,male,1986.0
181342,male,1944.0
181387,female,1975.0
181702,male,1983.0
181822,female,1989.0
181834,male,1982.0
181981,male,1954.0
182008,female,1971.0
182371,male,1962.0
182401,male,1980.0
182510,female,1982.0
182891,female,1967.0
182952,,
183292,male,1959.0
183981,male,1977.0
183996,male,1973.0
183998,male,1965.0
184311,male,1964.0
184374,male,1955.0
184431,female,1973.0
184441,male,1969.0
184769,male,1968.0
184884,male,1955.0
184966,male,1984.0
185132,male,1987.0
185238,male,1976.0
185288,male,1950.0
185349,male,1970.0
186028,male,1984.0
186094,male,1962.0
186303,female,1985.0
186348,female,1979.0
186353,female,1975.0
186411,female,1972.0
186488,female,1979.0
186735,female,1967.0
187106,female,1973.0
187233,female,1969.0
187254,male,1984.0
187512,male,1971.0
187532,female,1962.0
187598,male,1966.0
187717,female,1986.0
187883,,
187937,male,1977.0
188033,male,1955.0
188052,female,1983.0
188123,male,1981.0
188158,female,1977.0
188393,male,1981.0
188673,male,1953.0
188764,male,1942.0
189015,male,1959.0
189272,male,1980.0
189558,,
189644,female,1989.0
189650,male,1977.0
189724,female,1987.0
189904,male,1961.0
190070,male,1989.0
190095,male,
190155,male,1947.0
190172,female,1966.0
190264,female,1970.0
190285,female,1980.0
190309,male,1969.0
190313,female,1998.0
190444,male,1962.0
190637,male,1975.0
190799,male,1979.0
190955,male,1972.0
190964,,
191110,female,1982.0
191261,female,1982.0
191322,female,1986.0
191347,male,1951.0
191438,male,1946.0
191524,female,1990.0
191525,female,1966.0
191539,male,1955.0
191617,female,1946.0
191812,male,1982.0
191823,female,1953.0
191957,female,1973.0
192060,male,1969.0
192259,male,1975.0
192350,female,1978.0
192515,female,1976.0
192531,male,
192676,male,1982.0
192840,male,1939.0
192904,female,1986.0
192906,male,1970.0
192910,male,1957.0
193069,female,1967.0
193129,female,1959.0
193417,male,1964.0
193461,male,1966.0
193871,male,1950.0
193916,male,1979.0
193960,female,1957.0
194411,male,1991.0
194538,female,1986.0
194608,female,1989.0
194666,male,1989.0
194694,female,1954.0
194819,male,1954.0
194864,male,1951.0
194917,male,1981.0
194960,female,1954.0
194999,male,1951.0
195187,male,1981.0
195290,male,1970.0
195322,male,1982.0
195441,female,1963.0
195700,female,1958.0
195751,male,1953.0
195979,male,1988.0
196044,male,1978.0
196239,male,1945.0
196663,male,1992.0
196682,female,1974.0
196693,female,1979.0
196839,male,1963.0
196851,male,1977.0
197253,female,1994.0
197267,female,1959.0
197394,male,1968.0
197505,male,1970.0
197672,male,1956.0
197689,male,1976.0
197816,female,1962.0
197929,,
197941,male,1969.0
197988,male,1973.0
198106,female,1977.0
198252,male,1984.0
198400,female,1993.0
198436,female,1963.0
198463,female,1967.0
198521,male,1978.0
199040,male,1977.0
199107,male,1943.0
199153,male,1960.0
199395,female,1964.0
199586,male,1980.0
199645,male,1948.0
199867,female,1977.0
199939,male,1973.0
199976,female,1963.0
200021,male,1941.0
200079,male,1953.0
200233,male,1997.0
200307,male,1953.0
200563,female,1977.0
200577,male,1992.0
200591,male,1991.0
200662,male,1954.0
200708,female,1983.0
200781,male,1970.0
200814,male,1988.0
200838,female,1942.0
200940,female,1970.0
200952,male,1951.0
200955,female,1982.0
201090,female,1956.0
201098,male,1993.0
201120,female,1991.0
201233,,
201425,male,1982.0
201447,male,1967.0
201657,female,1976.0
201831,male,1963.0
201896,male,1956.0
201977,male,1966.0
202141,male,1987.0
202208,female,1955.0
202310,female,1959.0
202438,male,1973.0
202951,male,1962.0
203027,male,1974.0
203029,female,1972.0
203051,female,1983.0
203058,male,1960.0
203137,male,1986.0
203455,female,1982.0
203467,male,1985.0
203485,female,1964.0
203618,male,1978.0
203623,male,1951.0
203633,male,1972.0
203719,female,1980.0
203799,male,1955.0
204018,female,1989.0
204095,male,1973.0
204301,male,1956.0
204401,female,1964.0
204451,male,1972.0
204600,male,1982.0
204627,female,1964.0
204743,female,1977.0
204870,female,1956.0
204928,male,1959.0
205014,female,1964.0
205277,male,1989.0
205307,male,1988.0
205384,male,1980.0
205391,female,1956.0
205713,male,1977.0
205724,male,1946.0
206034,male,1964.0
206331,male,1957.0
206369,male,1977.0
206372,male,1973.0
206454,male,1965.0
206593,female,1957.0
206659,male,1963.0
206731,female,1961.0
206810,male,1945.0
206897,female,1972.0
206900,female,1962.0
206932,male,1984.0
207162,male,1976.0
207466,female,1944.0
207482,female,1981.0
207575,male,1961.0
207675,male,1975.0
207698,male,1983.0
207980,female,1957.0
208019,female,1964.0
208027,male,1964.0
208176,male,1970.0
208304,male,1977.0
208355,female,1990.0
208401,male,1977.0
208566,female,1994.0
208596,male,1982.0
208730,female,1956.0
208934,female,1974.0
208944,male,1960.0
209045,male,1967.0
209280,,
209285,female,1976.0
209675,female,1953.0
209804,male,1956.0
209882,male,1984.0
209940,male,1956.0
209997,female,1982.0
210027,female,1972.0
210147,male,1976.0
210151,male,1973.0
210311,female,1984.0
210513,female,1973.0
210516,male,1974.0
210537,female,1976.0
210904,male,1975.0
210992,male,1981.0
210998,female,1978.0
211133,male,
211162,male,1990.0
211397,female,1969.0
211404,male,1984.0
211528,male,1978.0
211651,male,1960.0
212004,female,1987.0
212340,female,1984.0
212504,female,1980.0
212633,female,1958.0
212751,male,1983.0
212809,male,1986.0
212944,male,1953.0
212947,male,1956.0
213256,female,1984.0
213344,female,1965.0
213717,male,1956.0
213783,female,1975.0
213858,male,1978.0
213863,female,1983.0
213882,male,1986.0
213925,male,1985.0
214154,male,1986.0
214358,female,1977.0
214501,male,1980.0
214511,female,1972.0
214629,female,1971.0
214779,female,1994.0
214781,female,1975.0
214790,female,1969.0
214933,female,1961.0
215013,male,1958.0
215353,male,1972.0
215382,female,1966.0
215464,male,1992.0
215641,female,1992.0
215776,male,1982.0
215804,,
215876,male,1961.0
215893,female,1950.0
216042,male,1976.0
216326,female,1975.0
216589,female,1983.0
216717,female,1967.0
216815,male,1988.0
216911,female,1961.0
217012,female,
217141,male,1964.0
217362,female,1994.0
217381,female,1969.0
217405,female,1969.0
217503,female,1953.0
217706,male,1947.0
217745,male,1980.0
217926,female,1987.0
217998,male,1988.0
218006,male,1977.0
218190,female,1986.0
218369,male,1974.0
218494,male,1959.0
218549,female,1985.0
218666,male,1956.0
218708,female,1959.0
218748,male,1976.0
218800,female,1989.0
218804,male,1980.0
218863,male,1988.0
219016,male,1995.0
219253,male,1961.0
219377,male,1982.0
219403,male,1983.0
219615,male,1959.0
219622,male,1974.0
219630,male,1970.0
219662,male,1958.0
219830,male,1953.0
219842,male,1984.0
219988,male,1957.0
220259,female,1982.0
220426,male,1972.0
220636,male,1982.0
220757,male,1982.0
220827,male,1998.0
220915,male,1978.0
220998,male,1968.0
221082,male,1961.0
221107,female,1978.0
221277,male,1976.0
221322,male,1969.0
221657,male,1962.0
221666,male,1962.0
221726,female,1979.0
221736,female,1971.0
221767,male,1953.0
222069,female,1961.0
222449,male,1966.0
223011,female,1972.0
223034,male,1960.0
223057,male,1984.0
223071,male,1972.0
223178,male,1969.0
223213,male,1957.0
223272,male,1980.0
223397,male,1974.0
223421,female,1954.0
223500,male,1971.0
223511,male,1996.0
223542,female,1968.0
223569,male,1970.0
223600,male,1988.0
223623,male,1971.0
223765,male,1949.0
223886,male,1966.0
224150,female,1972.0
224188,male,1987.0
224194,male,1947.0
224288,male,1991.0
224369,male,1950.0
224637,male,1962.0
224695,male,1964.0
224750,female,1983.0
224785,male,1968.0
224854,female,1989.0
224890,female,1957.0
224949,female,1969.0
224969,female,1973.0
225103,female,1942.0
225204,female,1982.0
225207,male,1972.0
225507,female,1987.0
225535,female,1970.0
225703,female,1980.0
225712,male,1969.0
225766,male,1970.0
225885,male,1962.0
225929,male,1962.0
225949,male,1961.0
226174,female,1963.0
226226,male,1990.0
226355,male,1986.0
226473,female,1980.0
226664,male,1995.0
226712,male,1979.0
226775,male,1971.0
226803,female,1964.0
226981,male,1955.0
227263,male,1974.0
227652,male,1966.0
227670,female,1987.0
227749,male,1984.0
227856,female,1990.0
227902,male,
227987,male,1961.0
228245,female,1977.0
228275,male,1978.0
228474,,
228491,male,1960.0
228778,male,1948.0
228924,male,1980.0
229350,female,1981.0
229549,male,1977.0
229661,male,1964.0
229763,female,1973.0
230000,female,1986.0
230042,female,1961.0
230284,female,1993.0
230330,female,1987.0
230536,male,1980.0
230550,male,1966.0
230558,female,1957.0
230662,male,1967.0
230817,male,1991.0
230980,female,1985.0
231134,male,1975.0
231296,female,1947.0
231345,female,1976.0
231381,female,1964.0
231495,male,1979.0
231857,female,1976.0
231880,male,1991.0
232033,male,1967.0
232262,female,1957.0
232312,male,
232334,female,
232336,female,1977.0
232386,female,1966.0
232582,male,1952.0
232591,female,1987.0
232752,female,1978.0
232778,male,1979.0
233074,male,1970.0
233154,male,1988.0
233248,male,1982.0
233402,male,1953.0
233504,male,1972.0
233611,male,1985.0
233631,female,1985.0
233648,female,1995.0
233749,male,1967.0
233987,female,1982.0
234133,female,1992.0
234214,female,1958.0
234224,female,1956.0
234747,male,1987.0
234925,male,1966.0
235048,female,1979.0
235199,female,1971.0
235336,male,1955.0
235433,male,1954.0
235706,male,1972.0
235823,male,1971.0
236138,female,1974.0
236142,female,1977.0
236168,male,1985.0
236215,female,1981.0
236226,female,1969.0
236420,female,1971.0
236781,female,1951.0
236792,male,1972.0
237097,male,1953.0
237205,female,1967.0
237435,male,1957.0
237520,male,1989.0
237656,female,1987.0
237720,male,1972.0
237742,male,1980.0
237839,female,1971.0
237868,male,1976.0
238036,male,1957.0
238077,male,1955.0
238190,,
238392,male,1965.0
238445,male,1956.0
238508,male,1947.0
238569,female,1975.0
238596,female,1982.0
238891,female,1989.0
239036,male,1963.0
239093,female,1972.0
239400,male,1991.0
239473,female,1971.0
239634,female,1978.0
239654,female,1990.0
239886,male,1966.0
239949,male,1955.0
239995,male,1975.0
240031,male,1984.0
240048,,
240371,male,1983.0
240446,male,1986.0
240529,male,1989.0
240558,,
240659,male,1966.0
240839,male,1982.0
240842,male,1955.0
240918,male,1966.0
240951,,
241015,female,1985.0
241141,male,1966.0
241212,male,1973.0
241221,female,1959.0
241448,female,1953.0
241484,male,1986.0
241567,female,1988.0
241600,male,1975.0
241704,female,1955.0
241960,female,1976.0
242010,male,1974.0
242208,female,1975.0
242364,female,1984.0
242751,male,1990.0
242970,male,1977.0
243001,male,1985.0
243035,male,1960.0
243137,male,1981.0
243365,female,1964.0
243484,female,1975.0
243548,male,1961.0
243648,,
243964,male,1986.0
244003,female,1984.0
244073,female,1985.0
244202,female,1975.0
244309,female,1994.0
244602,male,1979.0
244697,female,1959.0
244763,male,1982.0
244892,male,1971.0
244908,female,1981.0
245102,male,1965.0
245269,male,1993.0
245280,male,1953.0
245707,male,1970.0
245758,male,1989.0
245818,male,1985.0
245925,female,1978.0
246107,male,1969.0
246530,female,1981.0
246657,male,1991.0
246692,male,1981.0
246746,male,1974.0
246808,male,1981.0
247196,male,1975.0
247206,female,1976.0
247361,male,1986.0
247526,male,1977.0
247785,male,1967.0
247866,female,1970.0
247952,male,1950.0
248065,male,1959.0
248083,male,1974.0
248103,female,1976.0
248339,male,1977.0
248410,female,1996.0
248425,male,1981.0
248605,male,1979.0
248629,,
248930,male,1988.0
249130,female,1982.0
249266,female,1968.0
249276,female,1951.0
249473,female,1976.0
249520,female,1971.0
249601,male,1969.0
249657,male,1959.0
249737,female,1986.0
250008,male,1978.0
250070,female,1990.0
250206,male,1997.0
250304,male,1986.0
250309,female,1982.0
250439,male,1966.0
250570,male,1955.0
250753,female,1960.0
250957,female,1965.0
250989,male,1987.0
251071,male,1967.0
251086,male,1971.0
251216,female,1980.0
251259,male,1977.0
251292,,
251327,male,1991.0
251328,,
251446,male,1972.0
251455,male,1951.0
251467,male,1978.0
251477,female,1962.0
251731,female,1976.0
251935,female,1988.0
251940,female,1969.0
251980,male,1985.0
252303,male,1975.0
252361,male,1955.0
252424,female,1968.0
252425,female,1970.0
252489,male,1979.0
252903,male,1987.0
253099,female,1958.0
253159,female,1972.0
253283,male,1981.0
253710,male,1965.0
254132,male,1983.0
254158,male,1961.0
254276,male,1969.0
254310,male,1966.0
254439,female,1948.0
254480,male,1959.0
254551,male,1986.0
254613,female,1980.0
254795,female,1980.0
254804,female,1970.0
254815,female,1966.0
255080,female,1978.0
255163,female,1983.0
255236,male,1985.0
255280,male,1945.0
255422,female,1990.0
255456,male,1990.0
255710,male,1975.0
255729,female,1992.0
256095,male,1979.0
256342,female,1977.0
256508,male,
256712,male,1972.0
256747,male,1968.0
256777,male,1991.0
256829,male,1987.0
256893,female,1983.0
256895,female,1985.0
257111,male,1957.0
257552,female,1983.0
257593,male,1969.0
257642,male,1967.0
257651,female,1957.0
257687,female,1986.0
257916,female,1966.0
257917,female,1967.0
258001,male,1952.0
258099,female,1984.0
258142,female,1972.0
258197,female,1964.0
258295,female,1984.0
258547,male,1984.0
258655,female,1976.0
258876,male,1988.0
259013,female,1977.0
259163,male,1994.0
259292,female,1968.0
259505,female,1959.0
259616,,
259636,male,1968.0
259832,female,1948.0
260005,female,1989.0
260058,female,
260221,male,1984.0
260468,male,
260572,male,1969.0
260625,female,1991.0
260649,male,1975.0
260737,,
261107,female,1986.0
261112,female,1961.0
261223,male,1947.0
261350,male,1942.0
261535,male,1979.0
261602,male,1957.0
261690,male,1968.0
261733,female,1988.0
261819,male,1981.0
261914,female,1954.0
261997,female,1995.0
262051,male,1963.0
262066,male,1971.0
262356,male,1980.0
262381,female,1969.0
262459,male,1969.0
262461,female,1972.0
262520,female,1979.0
262551,female,1952.0
262592,,
262758,male,1969.0
262777,male,1970.0
262883,female,1991.0
262959,male,1984.0
263022,female,1977.0
263037,male,1974.0
263156,male,1994.0
263409,female,1965.0
263545,female,1963.0
263549,male,1981.0
263617,male,1987.0
263733,female,1976.0
263876,male,1991.0
264087,male,1979.0
264194,male,1964.0
264241,female,1965.0
264587,male,1977.0
264592,female,1978.0
264624,male,1946.0
264670,female,1981.0
264700,male,1990.0
264778,,
264813,female,1956.0
264986,female,
265031,male,1955.0
265099,female,1971.0
265193,male,1951.0
265232,female,1966.0
265337,female,1963.0
265630,male,1967.0
265931,male,1967.0
266035,male,1974.0
266141,female,1959.0
266189,male,1987.0
266286,male,1973.0
266559,male,1987.0
266606,male,1971.0
266993,female,1961.0
267194,male,1985.0
267429,female,1990.0
267479,female,1956.0
267586,male,1958.0
267590,male,1969.0
267634,male,1973.0
267670,female,1974.0
267817,male,1989.0
267869,male,1942.0
267954,female,1975.0
268077,male,1995.0
268100,female,1964.0
268319,male,1978.0
268337,female,1969.0
268346,female,1970.0
268360,male,1995.0
268409,male,1995.0
268549,male,1970.0
268652,female,1991.0
268676,male,1968.0
268710,female,1948.0
268962,male,1958.0
268993,female,1985.0
269135,male,1977.0
269187,male,1981.0
269190,male,1971.0
269354,male,1965.0
269439,male,1957.0
269543,female,1962.0
269553,female,1967.0
269567,male,1988.0
269579,male,1941.0
269699,male,1985.0
269780,female,1978.0
269787,female,1976.0
269858,male,1981.0
270601,male,1950.0
270958,female,1954.0
271007,male,1986.0
271079,male,1948.0
271100,male,1964.0
271140,male,1954.0
271189,male,1966.0
271358,female,
271556,female,1966.0
271625,male,1976.0
271747,female,1968.0
271835,female,1972.0
271973,female,1990.0
272219,male,1995.0
272335,male,1970.0
272567,male,1978.0
272741,male,1984.0
272848,female,1967.0
272918,male,1980.0
273086,male,1982.0
273123,male,1973.0
273219,female,1951.0
273315,male,1976.0
273343,female,1987.0
273356,male,1978.0
273523,male,1984.0
273908,male,1986.0
273934,male,1984.0
274160,male,1989.0
274353,female,1989.0
274427,male,1963.0
274551,male,1983.0
274614,male,1986.0
274679,male,1982.0
275019,male,1982.0
275042,female,1974.0
275144,female,1983.0
275188,male,1972.0
275264,female,1957.0
275321,male,1958.0
275333,male,1971.0
275449,male,1961.0
275481,female,1991.0
275954,female,1986.0
276018,female,1985.0
276248,male,1985.0
276372,female,1966.0
276548,male,1980.0
276717,male,1991.0
276987,female,1969.0
277009,female,1965.0
277495,male,1992.0
277592,male,1977.0
277667,male,1959.0
277732,male,1983.0
277845,male,1992.0
277910,male,1977.0
278072,female,1958.0
278222,male,1968.0
278301,female,1975.0
278464,male,1984.0
278494,female,1979.0
278601,female,1967.0
278775,male,1982.0
278945,male,1993.0
278964,male,1963.0
279087,female,1988.0
279204,male,1965.0
279623,female,1987.0
279842,male,1970.0
279901,female,1992.0
280198,female,1978.0
280236,male,1970.0
280297,female,1947.0
280574,female,1986.0
280764,female,1983.0
281009,female,1987.0
281108,male,1989.0
281355,female,1980.0
281378,male,1986.0
281447,female,1978.0
281451,female,1979.0
281459,male,1955.0
281541,male,1978.0
281655,male,1960.0
281852,male,1976.0
281853,male,1956.0
282097,female,1967.0
282197,male,1981.0
282682,female,1976.0
283183,female,1978.0
283492,male,1976.0
283576,male,1963.0
283868,female,1956.0
283886,male,1948.0
283958,male,1985.0
284253,male,1984.0
284363,male,1983.0
284522,female,1964.0
284726,male,1986.0
284881,male,1986.0
285003,female,1981.0
285032,male,1964.0
285047,male,1955.0
285065,male,1985.0
285079,female,1993.0
285081,male,1955.0
285136,female,1992.0
285226,male,1962.0
285293,,
285315,male,1991.0
285371,female,1994.0
285790,male,1948.0
285791,male,1984.0
285837,male,1982.0
285892,male,1979.0
285929,male,1981.0
285930,female,1990.0
286226,female,1956.0
286408,male,1993.0
286512,male,1952.0
286679,male,1981.0
286735,male,1978.0
286916,male,1988.0
286996,male,1980.0
287057,male,1968.0
287462,male,1985.0
287523,male,1991.0
287551,female,1959.0
287569,male,1957.0
287602,male,1940.0
287831,male,1965.0
287905,male,1981.0
287984,male,1978.0
287992,male,1968.0
288015,male,1983.0
288163,male,1993.0
288325,male,1975.0
288616,female,1992.0
288723,male,1967.0
288836,male,1975.0
289003,male,1974.0
289118,male,1974.0
289273,female,1989.0
289297,male,1988.0
289310,female,1978.0
289405,female,1989.0
289472,male,1957.0
289554,male,1991.0
289555,male,1985.0
289604,male,1986.0
289616,male,1974.0
289684,female,1943.0
289780,male,1989.0
289815,male,1949.0
289893,female,1989.0
289972,male,1983.0
290112,male,1953.0
290361,male,1946.0
290418,male,1954.0
290525,male,1959.0
290592,male,1980.0
290676,male,1956.0
290749,male,1978.0
290846,female,1964.0
291170,male,1960.0
291219,male,1980.0
291233,female,1975.0
291324,male,1966.0
291493,male,1960.0
291641,female,1978.0
291677,female,1973.0
291762,female,1985.0
292028,female,1993.0
292166,female,1949.0
292222,female,1965.0
292227,female,1967.0
292239,male,1982.0
292375,male,1981.0
292389,male,1984.0
292609,female,1971.0
292690,male,1986.0
292850,female,1986.0
293024,male,1978.0
293039,male,1954.0
293188,male,1969.0
293210,male,1978.0
293255,male,1957.0
293270,male,1983.0
293281,male,1959.0
293328,female,1958.0
293505,male,1969.0
293719,male,1986.0
293791,male,1982.0
293852,male,1979.0
293944,male,1976.0
294291,female,1981.0
294471,male,1969.0
294667,male,1972.0
294756,male,1989.0
295213,,
295232,female,1972.0
295414,male,1953.0
295661,male,1982.0
295680,female,1972.0
295701,male,1996.0
295742,male,1976.0
295845,male,1960.0
295978,female,1972.0
296216,male,1965.0
296516,male,1953.0
296555,male,1941.0
296718,male,1972.0
296728,female,1989.0
297120,male,1984.0
297136,male,1978.0
297276,male,1975.0
297320,male,1960.0
297337,female,1974.0
297385,male,1982.0
297457,female,1987.0
297503,female,1962.0
297565,male,1994.0
297847,female,1963.0
297856,male,1982.0
298140,male,1977.0
298157,female,1977.0
298612,female,1985.0
298618,male,1991.0
298842,male,1993.0
298993,male,1976.0
299446,male,1981.0
299763,male,1995.0
299934,male,1959.0
299939,female,1964.0
300136,male,1975.0
300300,male,1987.0
300473,female,1993.0
300593,female,1994.0
300713,female,1976.0
300733,male,1984.0
300811,male,1985.0
300875,male,1971.0
300936,male,1972.0
301023,male,1984.0
301086,female,1939.0
301160,female,1961.0
301163,male,1960.0
301204,male,1963.0
301481,female,1988.0
301513,female,
301650,female,1977.0
301692,male,1994.0
301882,male,1988.0
301925,female,1959.0
302055,female,1972.0
302138,male,1957.0
302192,male,1968.0
302232,female,1983.0
302323,male,1942.0
302384,male,1967.0
302546,male,1969.0
302563,female,1954.0
303027,male,1969.0
303125,male,1984.0
303191,male,1966.0
303205,female,1953.0
303273,female,1963.0
303334,male,1954.0
303355,female,1951.0
303410,female,1966.0
303447,female,1974.0
303464,male,1953.0
303534,male,1958.0
303593,male,1994.0
303644,male,1991.0
303943,female,1958.0
304115,female,1971.0
304175,female,1986.0
304186,male,1973.0
304410,male,1987.0
304454,female,1978.0
304456,female,1982.0
304472,male,1950.0
304615,male,1970.0
304710,male,1981.0
304753,male,1985.0
304880,male,1955.0
305273,male,1984.0
305324,female,1948.0
305456,female,1972.0
305481,male,1976.0
305540,male,1978.0
305685,female,1965.0
305706,male,1981.0
305934,male,1959.0
305956,male,1970.0
306000,female,1979.0
306130,male,1969.0
306296,male,1962.0
306525,male,1947.0
306612,male,1989.0
306636,male,1965.0
306722,male,1965.0
306729,female,1987.0
306794,male,1963.0
306819,male,1962.0
306999,male,1977.0
307046,male,1964.0
307144,male,1986.0
307366,male,1953.0
307481,female,1977.0
307669,male,1969.0
307922,male,1980.0
307984,female,1989.0
308017,male,1956.0
308269,male,1967.0
308452,male,1955.0
308630,female,1987.0
308652,female,1958.0
308687,male,1983.0
308755,male,1968.0
308936,male,1976.0
308992,male,1963.0
309140,male,1960.0
309142,male,1968.0
309147,male,1984.0
309168,female,1977.0
309269,female,1970.0
309499,male,1977.0
309569,female,1963.0
309580,male,1987.0
309591,female,1962.0
309635,female,1979.0
309670,female,1964.0
309725,male,1968.0
309726,male,1969.0
309727,female,1987.0
309992,male,1979.0
310237,male,1992.0
310473,,
310800,female,1962.0
310855,female,1970.0
310902,male,1979.0
310977,female,1986.0
310997,male,1973.0
311054,male,1986.0
311056,female,1963.0
311180,female,1964.0
311204,male,1959.0
311216,male,1978.0
311584,female,1970.0
311605,male,1940.0
311686,female,1955.0
311768,male,1989.0
311770,female,1990.0
311834,male,1976.0
311905,female,1985.0
311990,female,1990.0
312062,female,1963.0
312063,female,1993.0
312225,male,1979.0
312323,male,1984.0
312867,male,1980.0
312872,male,1988.0
313047,male,1974.0
313409,male,1974.0
313426,,
313616,female,1992.0
313801,male,1973.0
313810,male,1982.0
313821,male,1971.0
314159,female,1961.0
314362,female,1959.0
314513,male,1962.0
314521,female,1970.0
314867,male,1976.0
315046,male,1979.0
315104,male,1942.0
315105,female,1970.0
315170,male,1967.0
315313,female,1961.0
315456,female,1968.0
315684,male,1979.0
315761,female,1948.0
315777,female,1962.0
315799,female,1958.0
315991,male,1974.0
316275,male,1969.0
316412,female,1989.0
316512,female,1964.0
316543,male,1972.0
316946,female,1985.0
317070,male,1943.0
317646,male,1965.0
317706,female,1982.0
317718,male,1983.0
317800,male,1962.0
317814,female,1991.0
318006,female,1980.0
318049,male,1979.0
318225,male,1947.0
318268,male,1959.0
318372,male,1963.0
318443,male,1965.0
318505,male,1972.0
318632,male,1952.0
318748,,
318801,male,1985.0
318811,female,1962.0
319118,male,1987.0
319224,male,1994.0
319363,female,1964.0
319370,female,1994.0
319596,male,1963.0
319849,male,1965.0
320129,male,1981.0
320166,male,1959.0
320306,male,1965.0
320326,female,1994.0
320395,,
320722,female,1975.0
320745,male,1953.0
320798,male,1970.0
321018,female,1979.0
321265,male,1984.0
321350,male,1990.0
321393,male,1954.0
321422,female,1963.0
321503,male,1987.0
321720,female,1965.0
321890,male,1992.0
321955,female,1973.0
321975,male,1980.0
321996,male,1981.0
322102,male,1939.0
322139,female,1970.0
322324,male,1968.0
322454,female,1975.0
322636,female,1989.0
322723,female,1987.0
322821,female,1977.0
322933,male,1970.0
323085,female,1978.0
323238,female,1956.0
323264,male,1976.0
323273,male,1970.0
323445,male,1947.0
323450,female,1993.0
323870,female,1968.0
324219,female,1963.0
324247,female,1973.0
324373,female,1973.0
324471,male,1975.0
324559,female,1976.0
324680,male,1960.0
324699,female,1949.0
324761,female,1984.0
324835,male,1992.0
324841,female,1971.0
325218,male,1964.0
325221,male,1978.0
325521,female,1962.0
325718,male,1978.0
325772,female,
325856,male,1963.0
325922,female,1989.0
326295,female,1980.0
326619,male,1990.0
326736,female,1965.0
326842,female,1972.0
326874,male,1983.0
327101,male,1964.0
327662,male,1958.0
327793,male,1983.0
327823,male,1962.0
327860,female,1951.0
327941,male,1974.0
328179,male,1953.0
328529,male,1980.0
328548,female,1969.0
328736,male,1965.0
328905,male,1987.0
329338,female,1979.0
329363,male,1950.0
329437,male,1974.0
329467,female,1983.0
329558,female,1974.0
329631,male,1960.0
329638,female,1970.0
329897,female,1971.0
330026,male,1983.0
330098,male,1977.0
330107,male,1984.0
330126,male,1985.0
330349,male,1980.0
330543,male,1948.0
330557,male,1977.0
330836,male,1964.0
330865,male,1977.0
330933,female,1986.0
330938,male,1962.0
331004,male,1979.0
331041,male,1989.0
331195,male,1962.0
331342,male,1971.0
331614,female,1983.0
331707,male,1990.0
331788,male,1980.0
331905,male,1974.0
332072,female,1980.0
332209,male,1945.0
332281,male,1962.0
332516,male,1947.0
332565,female,1982.0
332886,female,1965.0
333129,male,1982.0
333700,male,1955.0
333892,male,1968.0
333994,male,1974.0
334125,female,1952.0
334427,female,1965.0
334450,female,1947.0
334471,female,1980.0
334529,female,1994.0
334738,male,1979.0
334800,male,1973.0
334841,female,1965.0
334987,male,1965.0
335126,male,1987.0
335395,male,1986.0
335636,female,1950.0
335851,male,1990.0
335946,female,1988.0
336087,male,1981.0
336199,female,1986.0
336463,female,1983.0
336545,female,1965.0
336599,male,1991.0
336753,female,1991.0
336998,female,1971.0
337000,female,1988.0
337081,male,
337134,female,1970.0
337155,male,1985.0
337236,female,1979.0
337239,male,1976.0
337247,female,1968.0
337322,male,1985.0
337388,male,1986.0
337444,female,1981.0
337641,female,1989.0
337688,male,1976.0
338004,male,1953.0
338078,male,1992.0
338279,male,1962.0
338579,female,1987.0
338592,male,1987.0
339040,male,1972.0
339043,male,1983.0
339116,male,1958.0
339240,female,1948.0
339496,female,1964.0
339663,male,1970.0
339745,male,1964.0
339955,male,1966.0
339984,male,1956.0
339985,female,1987.0
340523,female,1992.0
340627,male,1982.0
340722,female,1990.0
340800,male,1984.0
340806,female,1969.0
340910,male,1978.0
340950,male,1973.0
341026,male,1976.0
341337,male,1971.0
341359,male,1978.0
341451,male,1966.0
341738,female,1947.0
341770,female,1973.0
341834,female,1991.0
342134,male,1983.0
342144,female,1988.0
342348,male,1980.0
342479,male,1994.0
342565,male,1960.0
342788,male,1980.0
342986,female,1980.0
342987,female,1972.0
342998,male,1970.0
343118,male,1960.0
343176,female,1955.0
343193,male,1974.0
343206,male,1992.0
343317,male,1973.0
343477,male,1981.0
343722,male,1990.0
343811,male,1967.0
343829,male,1985.0
344237,female,1986.0
344238,male,1949.0
344396,male,1982.0
344750,female,1980.0
344772,male,1988.0
344788,male,1987.0
344816,female,
344920,female,1985.0
345045,male,1984.0
345057,female,1988.0
345132,female,1979.0
345194,female,1987.0
345207,male,1969.0
345379,female,1976.0
345804,female,1985.0
345812,male,1986.0
345878,male,1945.0
345904,male,1972.0
346077,male,1986.0
346119,male,1981.0
346162,male,1983.0
346451,male,1962.0
346600,male,1981.0
346761,female,1976.0
346816,male,1970.0
346988,male,1977.0
347070,male,1982.0
347147,male,1964.0
347178,male,1955.0
347439,male,1992.0
347572,female,1980.0
347594,male,1977.0
347624,male,1993.0
347701,female,1991.0
348439,female,1947.0
348604,male,1976.0
348629,female,1970.0
348663,female,1979.0
348814,female,1984.0
348818,male,1978.0
348880,female,1946.0
348967,male,1981.0
349017,male,1974.0
349128,female,1984.0
349324,female,1980.0
349405,male,1982.0
349457,female,1978.0
349463,female,1985.0
349468,female,1967.0
349516,female,1968.0
349535,male,1967.0
349688,male,1983.0
349796,female,1966.0
350317,male,1967.0
350391,female,1976.0
350499,male,
350562,male,1986.0
350660,male,1966.0
350668,male,1957.0
350735,male,1973.0
350739,female,1961.0
350869,female,1973.0
351063,male,1974.0
351237,male,1980.0
351794,male,1971.0
352138,male,1971.0
352182,male,1962.0
352226,female,1984.0
352278,female,1947.0
352445,male,1960.0
352569,male,1990.0
352700,female,1951.0
352833,male,1993.0
352840,male,1955.0
353084,female,1979.0
353152,male,1985.0
353174,female,1976.0
353313,male,1979.0
353342,female,1980.0
353361,male,1971.0
353378,female,1975.0
353453,female,1977.0
353534,male,1992.0
353777,male,1972.0
353921,female,1963.0
353975,male,1963.0
354071,female,1964.0
354233,male,1961.0
354239,female,1958.0
354480,female,1996.0
354574,male,1984.0
354595,female,1988.0
354672,female,1973.0
354695,male,1991.0
354750,male,1966.0
354796,female,1963.0
354911,female,1983.0
354917,male,1971.0
354982,male,1987.0
355196,female,1974.0
355375,male,1953.0
355379,female,1975.0
355713,male,1984.0
355750,male,1990.0
355837,female,1983.0
355955,female,1975.0
356010,male,1971.0
356414,female,1968.0
356463,female,1986.0
356475,female,1986.0
356646,female,1982.0
356653,male,1990.0
356760,male,1979.0
356811,male,1965.0
356836,female,1993.0
356848,male,1989.0
357023,female,1962.0
357163,female,1956.0
357179,female,1970.0
357180,female,1989.0
357203,male,1980.0
357300,male,1966.0
357311,male,1958.0
357323,male,1972.0
357431,male,1987.0
357483,female,1990.0
357536,male,1968.0
357692,male,1964.0
358088,male,1994.0
358185,female,1953.0
358196,female,1985.0
358571,male,1965.0
358824,,
358880,male,1971.0
359013,male,1983.0
359032,female,1979.0
359131,male,1974.0
359236,male,1984.0
360322,female,1982.0
360751,male,1981.0
360780,female,1982.0
360782,male,1995.0
360922,male,1961.0
360952,female,1986.0
361149,male,1996.0
361236,male,1985.0
361388,male,1977.0
361430,male,1952.0
361556,male,1969.0
361639,female,1955.0
361736,male,1969.0
361888,male,1971.0
362061,female,1959.0
362105,male,1994.0
362162,female,1965.0
362208,male,1973.0
362802,,
363072,male,1959.0
363402,female,1986.0
363557,male,1965.0
363585,male,1970.0
363733,female,1978.0
363915,female,1994.0
363931,,
363973,male,1972.0
364045,male,1961.0
364047,male,1978.0
364077,male,1985.0
364296,male,1989.0
364370,female,1963.0
364515,male,1989.0
364574,male,1962.0
364581,female,1992.0
364608,male,1971.0
364654,female,1985.0
365000,male,1973.0
365096,male,1962.0
365119,male,1977.0
365159,female,1996.0
365179,male,1990.0
365273,female,1972.0
365348,male,1984.0
365615,female,1974.0
365934,male,1981.0
365942,female,1983.0
366291,male,1986.0
366387,female,1986.0
366397,male,1958.0
366669,male,1986.0
366681,female,1955.0
366740,female,1960.0
366832,male,1981.0
366966,female,1968.0
366972,male,1984.0
367074,female,1974.0
367239,female,1987.0
367521,female,1979.0
367539,female,1960.0
367630,female,1963.0
367826,female,1994.0
367855,female,1958.0
367911,male,1988.0
367958,,
367992,male,1987.0
368015,male,1984.0
368232,male,1980.0
368285,male,1990.0
368311,female,1980.0
368321,male,1979.0
368454,female,1970.0
368767,male,1977.0
368824,male,1991.0
368846,female,1979.0
368911,male,1977.0
369067,female,1986.0
369376,female,1964.0
369383,male,1984.0
369684,male,1965.0
369818,male,1963.0
369971,female,1984.0
370223,male,1970.0
370382,female,1986.0
370417,male,1980.0
370638,male,1984.0
370775,female,1969.0
370783,male,1977.0
370882,female,1980.0
370966,female,1949.0
371131,male,1992.0
371153,female,1962.0
371154,male,1994.0
371192,female,1963.0
371229,male,1991.0
371247,female,1966.0
371332,,
371380,male,1977.0
371428,male,1973.0
371893,male,1975.0
372431,male,1983.0
372607,male,1991.0
372865,female,1972.0
372883,female,1981.0
373110,female,1991.0
373233,female,1962.0
373395,female,1965.0
373404,female,1970.0
373450,female,1986.0
373486,male,1975.0
373507,female,1983.0
373544,female,1964.0
373614,male,1963.0
373635,male,1992.0
373813,female,1970.0
373968,female,1954.0
374108,female,1982.0
374381,male,1994.0
374700,male,1979.0
375254,female,1987.0
375392,male,1987.0
375446,male,1955.0
375460,female,1971.0
375601,male,1986.0
375906,male,1990.0
376262,female,1980.0
376266,male,1984.0
376284,female,1995.0
376382,male,1981.0
376410,female,1988.0
376485,male,1990.0
376608,female,1962.0
376742,male,1958.0
376871,male,1987.0
377058,male,1971.0
377304,male,1961.0
377462,male,1991.0
377630,female,1977.0
377768,male,1989.0
378382,male,1977.0
378451,female,1968.0
378479,male,1950.0
378533,female,1987.0
378800,female,1958.0
378845,female,1971.0
378924,male,1979.0
379210,female,1962.0
379295,male,1957.0
379373,male,1961.0
379380,male,1966.0
379383,male,1979.0
379470,male,1976.0
379589,male,1944.0
379607,,
379905,female,1985.0
379911,male,1992.0
379972,female,1981.0
380027,female,1991.0
380478,male,1972.0
380496,female,1963.0
380566,female,1981.0
381326,male,1988.0
381397,male,1991.0
381400,male,1975.0
381636,male,1989.0
381713,male,1989.0
381805,male,1967.0
381835,female,1957.0
381861,male,1973.0
382071,male,1979.0
382516,male,1967.0
382627,female,1955.0
382819,male,1993.0
383090,male,1971.0
383176,male,1989.0
383420,female,1983.0
383499,male,1975.0
383563,female,1983.0
383745,male,1984.0
383788,male,1973.0
383801,male,1985.0
383840,male,1967.0
384060,male,1979.0
384131,male,1953.0
384198,male,1986.0
384310,female,1975.0
384323,male,1962.0
384446,male,1988.0
384577,male,1991.0
384580,female,1956.0
384614,male,1978.0
384645,male,1980.0
384762,male,1972.0
385039,female,1963.0
385439,male,1972.0
385522,male,1974.0
385684,female,1952.0
385937,male,1985.0
385950,female,1988.0
385961,male,1976.0
385971,female,1997.0
385978,male,1997.0
386012,male,1979.0
386407,male,1980.0
386417,female,1987.0
386479,male,1979.0
386608,male,1979.0
386724,male,1978.0
386727,male,1978.0
386834,male,1961.0
387169,male,1995.0
387227,male,1961.0
387338,male,1982.0
387503,female,1971.0
387518,male,1988.0
387569,female,1963.0
387684,male,1968.0
387724,female,1979.0
387851,female,1957.0
387854,male,1978.0
387935,female,1986.0
388061,male,1980.0
388196,male,1997.0
388333,female,1986.0
388440,male,1946.0
388452,male,1951.0
388466,male,1963.0
388555,female,1988.0
388566,female,1945.0
388685,male,1977.0
388740,female,1948.0
388771,female,1989.0
388897,male,1972.0
388915,male,1984.0
388977,female,1991.0
389237,male,1956.0
389265,male,1984.0
389295,male,1986.0
389683,,
389753,male,1992.0
389844,male,1967.0
390001,female,1974.0
390064,female,1944.0
390080,male,1974.0
390107,female,1963.0
390259,male,1976.0
390294,female,1978.0
390306,female,1988.0
390384,female,1967.0
390398,male,1981.0
390414,female,1940.0
390467,female,1984.0
390513,male,1994.0
390521,male,1989.0
390757,male,1985.0
390979,female,1967.0
391239,male,1964.0
391348,female,1982.0
391546,female,1982.0
391578,male,1958.0
391657,male,1980.0
392014,male,1987.0
392202,male,1987.0
392307,male,1989.0
392402,male,1983.0
392799,male,1946.0
393152,male,1952.0
393183,male,1992.0
393255,female,1989.0
393367,female,1969.0
393634,male,1980.0
393694,male,1962.0
393869,male,1982.0
393886,male,1991.0
394101,male,1975.0
394231,female,1954.0
394344,male,1984.0
394351,female,1977.0
394493,male,1990.0
394649,male,1993.0
394709,male,1959.0
395185,female,1979.0
395200,female,1967.0
395371,male,1991.0
395459,male,1989.0
395468,male,1957.0
395582,female,1978.0
395666,male,1972.0
395722,male,1979.0
395835,male,1966.0
395886,male,1960.0
396049,female,1980.0
396138,male,1981.0
396569,male,1969.0
396692,male,1977.0
396713,female,1990.0
396800,male,1983.0
396880,male,1961.0
396913,female,1973.0
396927,male,1957.0
396941,female,1968.0
396975,male,1956.0
397000,female,1972.0
397008,male,1985.0
397148,male,1961.0
397182,female,1984.0
397207,male,1984.0
397227,male,1991.0
397302,male,1974.0
397426,male,1948.0
397475,male,1978.0
397510,male,1988.0
397645,male,1948.0
397755,male,1982.0
397895,male,1994.0
398056,female,1966.0
398161,female,1987.0
398219,male,1986.0
398315,male,1950.0
398354,male,1976.0
398388,male,1984.0
398483,male,1970.0
398493,female,1957.0
398619,male,1973.0
398704,male,1974.0
398801,male,1993.0
398908,male,1976.0
398961,female,1959.0
399016,male,1982.0
399160,male,1980.0
399195,male,1967.0
399615,female,1982.0
399750,female,1992.0
399753,male,1985.0
399824,male,1981.0
400375,male,1961.0
400466,male,1986.0
400567,male,1985.0
400665,female,1957.0
400686,male,1965.0
400755,male,1978.0
400761,male,1961.0
400792,male,1967.0
400814,female,1973.0
400837,male,1990.0
400875,male,1962.0
400984,male,1950.0
401088,male,1965.0
401250,male,1983.0
401477,female,1957.0
401574,female,1989.0
401996,female,1980.0
402091,female,1975.0
402244,male,1970.0
402317,male,1985.0
402343,female,1979.0
402678,female,1985.0
402694,male,1978.0
402695,male,1983.0
402809,male,1965.0
403549,female,1983.0
403575,male,1982.0
403580,male,1967.0
403909,male,1981.0
403944,male,1959.0
404026,male,1987.0
404137,male,1994.0
404306,male,1991.0
404316,male,1995.0
404889,male,1971.0
405365,male,1991.0
405464,female,1970.0
405581,male,1989.0
405752,male,1990.0
405756,male,1950.0
405855,male,1957.0
406077,male,1943.0
406211,female,1976.0
406282,male,1977.0
406365,female,1968.0
406372,male,1956.0
406447,male,1992.0
406492,female,1972.0
406601,male,1987.0
406621,male,1985.0
406675,male,1989.0
406798,male,
406819,male,1973.0
407085,male,1991.0
407408,male,1969.0
407533,male,1944.0
407551,female,1991.0
407584,male,1985.0
407607,female,1993.0
407886,male,1991.0
407905,male,1977.0
407959,male,1994.0
408108,male,1954.0
408256,male,1983.0
408493,male,1995.0
408592,male,1982.0
408652,male,1972.0
408785,male,1949.0
409003,male,1987.0
409033,male,1973.0
409056,female,1971.0
409266,female,1951.0
409423,male,1978.0
409431,,
409704,female,1979.0
409710,male,1971.0
409890,male,1983.0
409899,male,1979.0
410078,male,1982.0
410106,female,1954.0
410411,male,1988.0
410459,female,1971.0
410509,female,1984.0
410725,male,1991.0
410737,male,1982.0
410750,male,1995.0
410830,female,1976.0
410903,female,1973.0
410937,female,1990.0
411047,female,1966.0
411068,female,1952.0
411262,male,1990.0
411487,male,1977.0
411503,male,1990.0
411538,male,1978.0
411958,male,1982.0
412055,male,1975.0
412165,male,1984.0
412207,female,1981.0
412619,male,1988.0
412636,female,1964.0
412711,male,1975.0
413007,,
413026,male,1967.0
413096,female,1978.0
413338,female,1968.0
413411,female,1998.0
413515,female,1987.0
413593,male,1979.0
413736,female,1971.0
413956,male,1979.0
414161,female,1958.0
414171,male,1953.0
414327,male,1980.0
414437,female,1981.0
414501,female,1979.0
414929,male,1997.0
414963,female,1968.0
414977,male,1976.0
415261,male,1989.0
415274,male,1982.0
415324,male,1978.0
415610,male,1975.0
415712,male,1993.0
415993,male,1966.0
416145,female,1993.0
416196,,
416294,male,1975.0
416477,male,1980.0
416520,female,1952.0
416526,male,1989.0
416599,male,1966.0
416694,male,1968.0
416911,male,1976.0
417075,male,1976.0
417190,male,1976.0
417230,male,1950.0
417314,female,1987.0
417652,male,1988.0
417683,male,1961.0
417801,male,1975.0
417947,male,1971.0
418109,male,1990.0
418121,male,1991.0
418275,male,1991.0
418323,male,1986.0
418356,female,1961.0
418410,female,1987.0
418464,male,1968.0
418572,male,1975.0
418678,male,1986.0
419093,,
419140,male,1987.0
419146,male,1949.0
419285,female,1988.0
419465,male,1980.0
419518,male,1968.0
419736,male,1970.0
419788,male,1978.0
420211,male,1977.0
420218,male,1980.0
420221,male,1975.0
420449,male,1958.0
420475,male,1964.0
420505,female,1986.0
420516,female,1977.0
420539,female,1982.0
420684,male,1980.0
421101,female,1954.0
421259,male,1982.0
421364,female,1986.0
421468,female,1986.0
421534,male,1971.0
421589,male,1978.0
421625,female,1968.0
421905,male,1993.0
421952,male,1969.0
422180,male,1974.0
422234,male,1992.0
422235,male,1972.0
422573,female,1959.0
422824,female,1995.0
422966,male,1986.0
422972,female,1980.0
422994,male,1950.0
423004,male,1986.0
423043,male,1970.0
423204,male,1951.0
423236,male,1977.0
423365,male,1965.0
423414,female,1955.0
423554,male,1951.0
423612,male,1964.0
423859,male,1989.0
423871,male,1988.0
424398,male,1974.0
424801,male,1970.0
424805,female,1970.0
424942,female,1989.0
424977,male,1991.0
425047,male,1978.0
425048,female,1953.0
425085,female,1972.0
425251,female,1961.0
425542,male,1979.0
425804,female,1973.0
425892,male,1992.0
425951,male,1980.0
426026,male,1963.0
426086,female,1969.0
426109,male,1987.0
426169,male,1981.0
426179,male,1973.0
426217,male,1948.0
426704,male,1992.0
426832,female,1964.0
426856,,
426911,male,1950.0
426937,male,1993.0
426998,,
427006,male,1979.0
427035,male,1987.0
427057,female,1991.0
427072,female,1979.0
427273,female,1976.0
427433,male,1979.0
427521,male,1983.0
427532,male,1972.0
427638,male,1987.0
427667,female,1989.0
428197,female,1968.0
428256,male,1961.0
428322,male,1987.0
428348,male,1985.0
428438,female,1962.0
428530,female,1983.0
428545,male,1984.0
428686,male,1981.0
428755,female,1960.0
429040,male,1980.0
429115,male,1989.0
429252,male,1973.0
429532,female,1981.0
429607,male,1979.0
429768,male,1982.0
429803,male,1977.0
429894,male,1966.0
430165,male,1980.0
430191,male,1963.0
430326,female,1979.0
430476,male,1991.0
430556,male,1975.0
430595,female,1995.0
430806,,
430854,male,1985.0
430902,,
431001,male,1990.0
431180,female,1989.0
431188,male,1986.0
432071,female,1990.0
432279,female,1990.0
432289,male,1985.0
432465,male,1992.0
432497,female,1954.0
432833,female,1971.0
432939,,
433006,female,1985.0
433051,male,1982.0
433095,male,1972.0
433138,male,1969.0
433265,male,1971.0
433613,male,1992.0
433779,female,1985.0
433817,male,1977.0
433977,male,1994.0
433979,male,1965.0
433984,female,1982.0
434108,male,1942.0
434150,female,1974.0
434161,male,1949.0
434251,male,1963.0
434331,male,1984.0
434609,male,1985.0
434718,male,1958.0
434747,female,1965.0
434761,female,1956.0
434859,female,1977.0
435020,female,1990.0
435118,male,1962.0
435254,female,1968.0
435256,male,1989.0
435387,male,1994.0
435426,male,1989.0
435501,male,1977.0
435565,male,1955.0
435567,female,1972.0
435697,male,1978.0
435858,male,1972.0
435884,female,1992.0
435888,male,1984.0
435926,male,1992.0
435968,female,1968.0
436199,female,1978.0
436221,male,1967.0
436250,female,1979.0
436402,female,1966.0
436429,male,1992.0
436465,male,1985.0
436620,,
436681,male,1967.0
436853,male,1988.0
436910,male,1976.0
436968,male,1990.0
436988,male,1981.0
437014,male,1985.0
437054,male,1997.0
437067,male,1959.0
437203,female,1979.0
437259,female,1976.0
437401,male,1952.0
437439,male,1972.0
437488,female,1982.0
437522,female,1945.0
437816,,
437982,female,1967.0
438092,male,1986.0
438120,female,1989.0
438192,male,1979.0
438380,female,1994.0
438391,male,1955.0
438438,female,1987.0
438445,male,1976.0
438461,female,1961.0
438489,male,1969.0
438753,male,1991.0
438758,male,1990.0
438823,male,1978.0
438854,female,1992.0
439049,male,1988.0
439098,male,1977.0
439362,male,1987.0
439500,male,1985.0
439609,female,1995.0
439634,female,1983.0
439643,female,1972.0
439671,female,1973.0
439873,male,1955.0
440023,male,1979.0
440065,male,1967.0
440091,male,1980.0
440096,,
440211,male,1955.0
440506,male,1975.0
440524,male,1980.0
440525,female,1967.0
440609,male,1986.0
440714,male,1992.0
441016,male,1980.0
441088,female,1983.0
441116,,
441353,,
441758,male,1979.0
441854,male,1975.0
442104,female,1990.0
442279,male,1966.0
442302,male,1957.0
442350,female,1960.0
442374,male,1994.0
442414,male,1976.0
442592,male,1987.0
442946,male,1961.0
443554,female,1992.0
443680,female,1981.0
443756,,
443856,male,1953.0
443870,male,1983.0
443879,female,1986.0
444158,female,1973.0
444290,male,1964.0
444405,male,1993.0
444520,female,1995.0
444884,female,1976.0
444890,male,1976.0
444904,male,1981.0
444922,female,1963.0
445010,male,1978.0
445276,male,1987.0
445629,female,1986.0
445670,female,1991.0
445714,female,1970.0
445811,male,1959.0
445855,male,1970.0
446034,male,1977.0
446225,male,1977.0
446285,female,1963.0
446288,male,1983.0
446633,female,1978.0
446675,male,1990.0
446681,male,1971.0
446705,female,1992.0
446912,male,1989.0
446965,male,1951.0
446992,male,1990.0
447031,male,1976.0
447171,female,1967.0
447178,male,1993.0
447180,female,1994.0
447233,male,1995.0
447382,,
447627,male,1960.0
447741,male,1983.0
447745,male,1987.0
448148,male,1975.0
448374,male,1990.0
448402,female,1969.0
448518,male,1971.0
448553,female,1993.0
448611,male,1981.0
448652,male,1973.0
448704,female,1952.0
448977,male,1976.0
449034,male,1976.0
449054,female,1995.0
449112,male,1993.0
449398,male,1977.0
449422,male,1982.0
449589,male,1979.0
449825,male,1967.0
450107,male,1994.0
450292,male,1990.0
450530,male,1987.0
450599,male,1980.0
450720,male,1955.0
450815,male,1970.0
451007,male,1994.0
451231,male,1995.0
451277,male,1982.0
451438,male,1980.0
451544,female,1981.0
451686,male,1982.0
451744,male,1970.0
451781,female,1983.0
451790,male,1972.0
451880,female,1989.0
452163,male,1989.0
452286,male,1957.0
452383,male,1980.0
452529,female,1990.0
452559,male,1986.0
453235,male,1989.0
453357,female,1993.0
453509,male,1990.0
453588,male,1947.0
453628,male,1993.0
453696,female,1982.0
453709,male,1987.0
453937,male,1960.0
453994,female,1956.0
454214,male,1988.0
454252,female,1993.0
454536,male,1988.0
454613,female,1951.0
454637,male,1974.0
454732,male,1991.0
454780,female,1992.0
454895,male,1979.0
454913,male,1992.0
454982,female,1984.0
455040,female,1995.0
455153,male,1948.0
455292,female,1967.0
455389,female,1973.0
455390,female,1984.0
455656,male,1985.0
455766,male,1974.0
455903,male,1950.0
455911,female,1977.0
455957,male,1955.0
455989,female,1975.0
456029,male,1974.0
456159,male,1980.0
456234,male,1984.0
456302,male,1985.0
456318,male,1986.0
456701,female,1992.0
457232,female,1986.0
457336,male,1955.0
457886,female,1985.0
457909,male,1980.0
457982,male,1974.0
458238,male,1984.0
458333,female,1973.0
458534,female,1974.0
458539,female,1968.0
458574,female,1962.0
458822,male,1972.0
458947,male,1949.0
459116,male,1963.0
459185,male,1989.0
459274,male,1991.0
459660,male,1984.0
459688,female,1964.0
459997,male,
460008,male,1975.0
460080,female,1989.0
460094,male,1987.0
460107,female,1954.0
460529,male,1983.0
460847,male,1966.0
460984,male,1982.0
461079,male,
461191,male,1979.0
461283,male,1989.0
461289,male,1969.0
461606,female,1994.0
461819,male,1982.0
462305,female,1946.0
462358,male,1990.0
462583,female,1991.0
462725,male,1971.0
462832,male,1983.0
462843,female,1958.0
463105,male,1985.0
463282,male,1979.0
463586,female,1967.0
463807,female,1969.0
463895,female,1972.0
463940,female,1986.0
464068,male,1988.0
464442,male,1989.0
464829,male,1980.0
465036,male,1980.0
465163,male,1958.0
465342,female,1981.0
465450,male,1983.0
465868,male,1990.0
465948,female,1983.0
466143,female,1986.0
466153,male,1998.0
466177,female,1963.0
466450,male,1985.0
466527,female,1972.0
466583,female,1980.0
466617,male,1965.0
466634,female,1972.0
466752,female,1990.0
466776,female,1986.0
467114,male,1950.0
467128,female,1977.0
467321,male,1980.0
467337,male,1990.0
467950,female,1979.0
467992,female,1988.0
468083,male,1991.0
468097,male,1982.0
468192,male,1952.0
468222,male,1983.0
468338,male,1967.0
468431,male,1963.0
468456,male,1986.0
468478,male,1976.0
468856,male,1987.0
468914,male,1974.0
469087,female,1963.0
469099,male,1985.0
469330,male,1971.0
469443,male,1963.0
469466,female,1975.0
469698,male,1975.0
469886,male,1979.0
469993,male,1947.0
470321,female,1988.0
470332,male,1979.0
470417,male,1973.0
470659,male,1986.0
470800,male,1960.0
471052,male,1969.0
471101,female,1972.0
471401,female,1993.0
471434,,
471482,male,1987.0
471703,male,1983.0
471786,female,1991.0
471960,female,1955.0
471967,male,1982.0
472029,male,1992.0
472176,male,1982.0
472361,male,1963.0
472501,female,1973.0
472616,female,1972.0
473202,male,1973.0
473424,male,1962.0
473766,male,1976.0
473793,male,1983.0
473885,female,1986.0
473973,male,1975.0
473977,female,1951.0
474019,male,1990.0
474126,male,1978.0
474139,female,1988.0
474216,female,1977.0
474433,male,1985.0
474575,male,1986.0
474726,male,1977.0
474921,female,1987.0
474923,female,1989.0
474934,male,1996.0
475007,male,1970.0
475132,male,1979.0
475322,female,1967.0
475391,male,1988.0
475405,male,1965.0
475423,male,1952.0
475432,female,1946.0
475434,male,1984.0
475703,female,1946.0
475801,female,1980.0
475836,female,1978.0
476091,male,1989.0
476176,male,1947.0
476645,male,1963.0
476777,female,1966.0
476832,male,1970.0
476929,female,1970.0
477183,male,1983.0
477321,male,1996.0
477441,female,1985.0
477549,,
477844,male,1978.0
477984,male,1992.0
477998,male,1989.0
478188,female,1981.0
478211,male,1959.0
478377,male,1971.0
478390,male,1967.0
478499,female,1971.0
478606,,
478617,male,1985.0
478634,male,1971.0
478965,male,1989.0
478996,female,1992.0
479039,male,1978.0
479062,male,1965.0
479387,female,1986.0
479401,male,1994.0
479421,female,1974.0
479998,male,1996.0
480207,female,1973.0
480378,male,1986.0
480385,female,1972.0
480489,male,1981.0
480722,male,1951.0
480756,male,1982.0
480989,male,1982.0
481012,male,1978.0
481063,male,1971.0
481108,male,1989.0
481357,female,1992.0
481371,male,1979.0
481516,female,1972.0
481706,female,1983.0
481868,female,1989.0
482084,female,1980.0
482448,female,1966.0
482449,female,1978.0
482487,,
482742,male,1995.0
482832,female,1987.0
482892,female,1950.0
482936,male,1962.0
482950,female,1994.0
483035,male,1988.0
483066,female,1991.0
483233,male,1982.0
483292,male,1984.0
483489,female,1984.0
483502,female,1981.0
484100,female,1960.0
484136,female,1983.0
484228,female,1980.0
484252,female,1974.0
484315,female,1967.0
484341,male,1992.0
484664,male,1994.0
484693,female,1986.0
484784,male,1987.0
484871,male,1983.0
485044,male,1992.0
485224,male,1983.0
485381,male,1990.0
485422,male,1990.0
485478,male,1957.0
485526,male,1985.0
485545,female,1993.0
485691,male,1984.0
485955,female,1972.0
485979,male,1987.0
486006,male,1989.0
486010,male,1978.0
486086,female,1968.0
486148,male,1985.0
486368,female,1989.0
486450,male,1987.0
486535,male,1983.0
486965,female,1971.0
486989,male,1975.0
487132,male,1981.0
487238,male,1992.0
487414,female,1991.0
487508,male,1972.0
487561,male,1991.0
487585,male,1995.0
487630,male,1984.0
487942,male,1969.0
488036,female,1986.0
488046,male,1981.0
488099,male,1965.0
488398,female,1979.0
488494,male,1984.0
488734,male,1963.0
488806,male,1978.0
489093,male,1955.0
489097,male,1986.0
489169,female,1976.0
489196,male,1977.0
489261,female,1961.0
489339,male,1974.0
489830,female,1949.0
490040,male,1956.0
490096,female,1981.0
490105,female,1971.0
490190,male,1979.0
490208,male,1989.0
490223,male,1988.0
490414,male,1993.0
490576,male,1988.0
490676,male,1963.0
490805,male,1977.0
491172,female,1972.0
491248,female,1989.0
491584,female,1944.0
491703,female,1965.0
491825,male,1985.0
491849,male,1982.0
491944,male,1978.0
492038,female,1981.0
492106,female,1998.0
492159,male,1992.0
492249,male,1987.0
492312,male,1977.0
492586,male,1971.0
492636,male,1987.0
492954,female,1991.0
492960,female,1979.0
492984,male,1978.0
492987,male,1975.0
493100,male,1989.0
493151,female,1983.0
493187,male,1983.0
493457,female,1993.0
493520,male,1980.0
493601,male,1986.0
493957,male,1989.0
494043,female,1969.0
494169,male,1971.0
494319,male,1976.0
494409,male,1969.0
494428,male,1991.0
494447,female,1993.0
494503,male,1990.0
494913,female,1976.0
495090,female,1990.0
495097,female,1995.0
495313,male,1963.0
495355,male,1979.0
495487,female,1983.0
495613,male,1993.0
495647,male,1991.0
496341,male,1996.0
496444,male,1985.0
496556,male,1991.0
496603,female,1991.0
496826,female,1989.0
496996,female,1956.0
497057,male,1977.0
497156,male,1983.0
497288,male,1992.0
497635,male,1976.0
497719,female,1979.0
497848,male,1980.0
497960,male,1990.0
498178,female,1982.0
498333,female,1989.0
498453,male,1969.0
498820,female,1975.0
498920,female,1971.0
499731,male,1988.0
500053,female,1975.0
500138,male,1967.0
500200,female,1963.0
500244,female,1973.0
500259,male,1960.0
500325,female,1990.0
500563,female,1948.0
500894,male,1991.0
500999,female,1993.0
501252,male,1947.0
501519,male,1997.0
501641,female,1954.0
501869,male,1978.0
502136,female,1955.0
502142,male,1983.0
502188,male,1987.0
502450,male,1965.0
502493,male,1968.0
502528,male,1970.0
502642,male,1978.0
502738,female,1991.0
502885,male,1993.0
503027,female,1993.0
503094,male,1972.0
503106,male,1966.0
503112,,
503243,male,1978.0
503589,male,1985.0
504335,male,1980.0
504470,male,1965.0
504578,female,1994.0
504724,male,1975.0
504770,male,1954.0
504838,female,1964.0
504938,male,1986.0
505020,male,1986.0
505135,,
505612,female,1979.0
505742,male,1987.0
505760,female,1988.0
505829,female,1988.0
505959,male,1956.0
506060,male,1981.0
506108,female,1985.0
506391,female,1979.0
507147,male,1972.0
507184,male,1970.0
507346,male,1991.0
507777,female,1989.0
508274,male,1967.0
508449,female,1995.0
508468,female,1948.0
508819,male,1968.0
508988,male,1985.0
509009,male,1976.0
509056,female,1990.0
509118,male,1978.0
509317,male,1964.0
509340,male,1984.0
509402,male,1983.0
509485,male,1996.0
509550,female,1991.0
509753,female,1983.0
509805,,
509824,male,1970.0
509833,female,1992.0
509835,female,1993.0
509934,female,1968.0
510146,male,1989.0
510185,female,1973.0
510186,male,1977.0
510205,female,1967.0
510334,male,1995.0
510372,female,1992.0
510450,male,1960.0
510695,,
510827,male,1975.0
511095,female,1942.0
511154,female,1986.0
511162,female,1990.0
511183,male,1971.0
511244,female,1968.0
511285,female,1995.0
511370,male,1961.0
511590,male,1960.0
511796,female,1990.0
511830,female,1984.0
512083,male,1981.0
512176,male,1979.0
512213,male,1985.0
512217,female,1984.0
512293,female,1977.0
512316,male,1975.0
512321,male,1950.0
512327,male,1972.0
512386,male,1969.0
512488,female,1967.0
512869,male,1961.0
513168,male,1989.0
513220,female,1989.0
513320,male,1979.0
513512,male,1950.0
513528,male,1966.0
513554,female,1947.0
513615,female,1974.0
513727,male,1993.0
513801,male,1974.0
513848,female,1967.0
513959,female,1959.0
514331,male,1984.0
514427,male,1951.0
514484,male,1990.0
514548,male,1988.0
514811,male,1986.0
514878,female,1958.0
514962,male,1981.0
515174,male,1974.0
515230,male,1978.0
515358,female,1967.0
515416,female,1991.0
515525,female,1985.0
515608,male,1971.0
515694,male,1986.0
515807,male,1984.0
515864,male,1975.0
515935,male,1991.0
516082,female,1986.0
516111,male,1967.0
516162,female,1982.0
516413,female,1956.0
516444,male,1967.0
516457,male,1985.0
516463,male,1982.0
516508,male,1981.0
516617,female,1957.0
516720,male,1971.0
516752,female,1982.0
516761,female,1958.0
516764,male,1991.0
516804,female,1959.0
516942,male,1976.0
516974,female,1947.0
517043,female,1983.0
517072,male,1992.0
517101,female,1964.0
517200,female,1989.0
517250,male,1961.0
517258,male,1993.0
517271,male,1997.0
517797,female,1980.0
518091,,
518137,male,1990.0
518169,female,1993.0
518266,female,1986.0
518391,male,1987.0
518644,female,1982.0
518709,female,1996.0
518816,female,
518899,male,1982.0
519123,male,1951.0
519550,female,1962.0
519578,female,1969.0
519680,male,1953.0
519726,male,1992.0
519817,male,1979.0
520071,female,1996.0
520165,female,1969.0
520167,female,1991.0
520265,male,1991.0
520360,male,1944.0
520386,male,1946.0
520392,male,1986.0
520610,male,1988.0
520643,male,1985.0
520685,male,1977.0
520990,male,1984.0
521006,female,1965.0
521089,male,1969.0
521136,female,1976.0
521215,male,1992.0
521251,female,1952.0
521457,female,1968.0
521877,male,1979.0
522003,female,1989.0
522115,female,1995.0
522149,female,1956.0
522221,male,1992.0
522227,male,1993.0
522257,female,1987.0
522450,female,1994.0
522567,female,1991.0
522779,female,1971.0
522953,female,1967.0
523145,male,1993.0
523490,male,1949.0
523500,male,1962.0
523579,male,1977.0
523750,male,1991.0
523902,male,1976.0
523967,male,1970.0
524014,male,1985.0
524015,male,1957.0
524138,male,1950.0
524493,male,1988.0
524511,male,1944.0
524635,male,1982.0
524637,male,1972.0
524884,male,1996.0
524945,male,1952.0
525036,female,1993.0
525136,female,1957.0
525264,female,1983.0
525457,female,1994.0
525461,female,1979.0
525585,male,1973.0
525834,male,1988.0
525871,female,1971.0
526108,female,1984.0
526126,male,1965.0
526178,female,1962.0
526260,male,1973.0
526396,male,1982.0
526495,female,1944.0
526559,male,1965.0
526640,female,1983.0
526687,,
526746,female,1974.0
527060,male,1985.0
527063,female,1988.0
527074,male,1986.0
527134,,
527272,male,1988.0
527701,,
527805,male,1992.0
527880,male,1989.0
528041,female,1994.0
528081,male,1991.0
528343,female,1973.0
528413,female,1988.0
528436,male,1972.0
528583,male,1977.0
528591,male,1965.0
528650,male,1970.0
528698,male,1964.0
529183,female,1977.0
529257,male,1977.0
529279,male,1967.0
